aX,aY,aZ,gX,gY,gZ
1.086,-0.231,1.340,-28.442,-23.865,32.227
1.188,-0.147,1.364,-32.654,-20.081,42.114
1.389,0.018,1.412,-32.104,-12.024,58.411
1.678,0.037,1.412,-24.353,-4.883,79.224
1.864,-0.062,1.368,-7.141,-4.883,94.543
2.054,-0.159,1.374,-1.038,-14.160,98.938
2.192,-0.251,1.395,-3.418,-29.297,93.506
2.183,-0.239,1.405,-12.085,-46.143,81.848
2.018,-0.191,1.207,-21.240,-61.646,67.505
1.749,-0.146,1.047,-33.447,-69.458,53.894
1.515,-0.131,0.890,-36.377,-70.679,43.213
1.317,-0.106,0.799,-34.485,-69.763,34.302
1.120,0.035,0.671,-27.588,-71.533,28.931
0.870,0.076,0.528,-13.367,-76.599,33.569
0.442,-0.140,0.374,1.099,-84.167,48.340
0.079,-0.411,0.331,12.207,-95.154,59.570
-0.066,-0.548,0.440,8.728,-108.887,56.824
-0.048,-0.565,0.336,-4.639,-122.314,44.434
-0.423,-0.422,0.274,-10.681,-128.601,27.832
-0.898,-0.266,0.163,-7.568,-128.845,14.404
-1.262,-0.048,0.135,-1.770,-128.784,5.920
-1.548,0.250,0.130,9.399,-130.493,0.061
-1.702,0.301,0.200,29.297,-134.583,0.732
-1.922,0.179,0.285,41.443,-142.334,6.226
-1.936,0.117,0.290,50.354,-151.184,14.099
-1.939,-0.063,0.226,59.143,-158.691,27.588
-2.096,-0.262,0.205,68.604,-159.912,40.527
-2.372,-0.521,0.326,68.970,-155.090,47.546
-2.363,-0.734,0.443,53.284,-146.973,41.687
-2.240,-0.830,0.491,25.940,-133.301,24.109
-2.216,-0.688,0.482,1.038,-110.474,-2.075
-2.043,-0.464,0.484,-16.235,-81.177,-27.222
-1.710,-0.268,0.516,-21.973,-49.438,-42.664
-1.431,-0.114,0.611,-12.939,-20.081,-44.678
-1.176,-0.031,0.692,1.221,1.709,-33.997
-0.836,-0.085,0.726,14.709,16.846,-15.320
-0.594,-0.192,0.739,21.301,27.039,3.357
-0.492,-0.277,0.740,24.475,33.203,16.235
-0.421,-0.286,0.699,21.484,34.363,20.142
-0.403,-0.223,0.641,12.512,31.311,16.113
-0.236,-0.115,0.679,7.690,25.513,5.432
0.008,-0.027,0.684,2.075,17.090,-9.216
0.128,0.034,0.726,-3.601,7.385,-27.283
-0.068,0.137,0.653,-4.761,-3.540,-43.701
-0.249,0.097,0.684,-0.488,-13.428,-50.171
-0.257,-0.038,0.692,7.812,-24.475,-47.852
-0.187,-0.092,0.741,10.986,-34.180,-43.701
-0.200,-0.160,0.768,14.832,-41.809,-40.161
-0.452,-0.193,0.763,19.287,-48.584,-38.757
-0.762,-0.249,0.777,21.423,-55.481,-36.011
-0.894,-0.359,0.843,23.193,-62.561,-30.884
-0.913,-0.422,0.867,19.226,-67.749,-28.076
-0.929,-0.407,0.859,10.498,-67.627,-28.748
-0.814,-0.378,0.845,-0.061,-60.608,-28.687
-0.808,-0.326,0.793,-2.014,-49.194,-26.001
-0.800,-0.342,0.843,-0.061,-37.048,-20.325
-0.726,-0.397,0.833,2.747,-29.053,-13.428
-0.708,-0.453,0.858,-0.366,-25.391,-10.193
-0.746,-0.435,0.859,-8.179,-25.085,-13.367
-0.733,-0.419,0.845,-17.456,-25.696,-19.104
-0.658,-0.312,0.867,-24.475,-27.222,-25.940
-0.855,-0.309,0.870,-33.081,-28.870,-28.503
-0.874,-0.247,0.873,-35.339,-29.541,-28.320
-0.860,-0.203,0.877,-34.851,-26.550,-27.039
-0.845,-0.159,0.888,-31.433,-18.555,-24.536
-0.809,-0.118,0.905,-25.757,-8.850,-22.156
-0.706,-0.051,0.904,-20.264,-0.366,-19.958
-0.648,-0.001,0.889,-14.160,5.859,-17.700
-0.655,0.019,0.875,-6.958,8.728,-14.099
-0.646,0.008,0.867,-0.122,8.606,-8.301
-0.632,-0.025,0.860,7.080,7.385,-0.732
-0.621,-0.089,0.856,13.855,7.019,9.338
-0.611,-0.174,0.860,19.348,7.751,19.653
-0.609,-0.251,0.861,22.644,8.484,28.259
-0.627,-0.288,0.870,22.888,8.423,33.386
-0.629,-0.320,0.888,21.240,7.629,36.072
-0.631,-0.352,0.898,18.738,6.775,36.011
-0.667,-0.346,0.899,16.174,6.958,33.936
-0.683,-0.340,0.890,14.038,8.118,33.081
-0.695,-0.328,0.901,11.047,10.254,34.302
-0.731,-0.308,0.885,8.362,12.024,36.255
-0.744,-0.282,0.871,5.859,13.794,38.208
-0.627,-0.251,0.908,3.784,15.869,39.307
-0.743,-0.312,0.821,0.916,17.151,41.321
-0.805,-0.328,0.878,1.038,17.517,44.495
-0.687,-0.335,0.865,3.418,18.188,46.692
-0.654,-0.371,0.874,4.944,23.010,50.598
-0.656,-0.392,0.884,6.348,29.297,55.725
-0.639,-0.394,0.886,5.676,34.363,62.500
-0.627,-0.396,0.873,4.456,38.208,70.740
-0.649,-0.380,0.857,3.296,41.138,77.637
-0.649,-0.360,0.848,3.052,43.945,82.214
-0.603,-0.379,0.864,3.845,47.119,85.266
-0.545,-0.415,0.880,4.395,50.659,85.510
-0.513,-0.417,0.896,2.869,53.528,83.374
-0.485,-0.411,0.904,-0.854,55.115,81.360
-0.420,-0.393,0.927,-5.188,54.993,81.848
-0.360,-0.407,0.944,-10.071,53.711,83.862
-0.341,-0.412,0.915,-14.771,51.819,85.388
-0.367,-0.395,0.892,-18.555,50.598,87.280
-0.424,-0.363,0.897,-18.555,49.255,90.820
-0.445,-0.303,0.863,-17.761,45.898,94.238
-0.449,-0.323,0.850,-17.822,41.992,95.764
-0.439,-0.348,0.832,-20.935,39.185,93.018
-0.368,-0.353,0.893,-24.902,38.025,86.670
-0.351,-0.421,0.853,-32.288,35.706,79.468
-0.300,-0.419,0.868,-36.133,33.936,70.984
-0.298,-0.425,0.925,-40.588,33.997,63.843
-0.292,-0.422,0.906,-46.875,34.424,57.922
-0.233,-0.431,0.922,-49.744,35.400,51.880
-0.292,-0.415,0.896,-51.331,38.696,46.997
-0.353,-0.385,0.890,-52.246,43.152,44.678
-0.375,-0.365,0.877,-51.880,47.241,44.861
-0.398,-0.332,0.874,-50.110,50.415,45.227
-0.393,-0.289,0.880,-48.645,53.101,44.189
-0.352,-0.300,0.904,-47.119,54.993,40.222
-0.282,-0.313,0.926,-46.326,56.702,32.532
-0.121,-0.327,0.938,-50.415,57.983,23.315
-0.038,-0.347,0.939,-57.373,60.547,13.672

1.078,-0.367,1.160,-37.415,-9.583,57.800
1.226,-0.299,1.156,-32.043,3.357,62.012
1.420,-0.253,1.086,-26.367,11.536,64.819
1.640,-0.152,1.001,-21.606,14.587,65.674
1.827,-0.076,0.909,-11.475,13.489,65.308
1.961,-0.126,0.770,4.578,7.812,62.073
2.022,-0.208,0.725,11.169,-1.282,50.354
1.986,-0.244,0.649,3.235,-14.587,30.334
1.790,-0.141,0.485,-2.686,-30.518,6.897
1.551,-0.055,0.196,4.761,-45.044,-11.536
1.301,-0.147,0.157,4.211,-50.232,-20.996
0.886,-0.204,0.099,-0.549,-49.316,-26.855
0.604,-0.178,0.157,-13.672,-49.194,-33.203
0.281,0.045,0.278,-27.161,-50.354,-36.682
-0.264,0.236,0.320,-40.039,-58.533,-27.771
-0.899,0.386,0.289,-44.067,-77.332,-5.310
-1.248,0.261,0.555,-31.799,-102.539,24.719
-1.275,0.076,0.731,-18.005,-138.123,51.514
-1.240,0.021,0.779,-23.132,-179.382,71.533
-1.353,0.097,0.742,-34.424,-212.463,83.679
-1.641,0.285,0.680,-38.330,-229.248,90.881
-2.008,0.327,0.626,-29.785,-231.995,100.037
-2.300,0.091,0.723,-8.362,-226.746,104.675
-2.313,-0.111,0.833,2.319,-218.384,88.928
-2.388,-0.157,0.864,-5.920,-204.651,57.190
-2.376,-0.110,0.886,-13.428,-184.204,24.780
-2.259,-0.086,0.880,-18.433,-158.447,1.038
-2.136,-0.070,0.891,-20.813,-129.028,-14.343
-1.909,0.011,0.909,-14.099,-97.107,-22.217
-1.635,0.016,0.866,-0.793,-63.232,-19.897
-1.426,-0.026,0.845,17.395,-31.433,-10.010
-1.264,-0.128,0.830,32.898,-8.118,3.113
-1.029,-0.231,0.793,38.879,5.737,15.320
-0.753,-0.345,0.738,35.278,14.832,20.935
-0.562,-0.370,0.679,26.917,22.705,16.174
-0.534,-0.295,0.641,14.343,27.893,4.211
-0.576,-0.177,0.621,3.357,29.419,-10.315
-0.532,-0.098,0.700,-7.690,26.489,-25.208
-0.450,-0.015,0.697,-16.174,19.714,-38.269
-0.443,0.018,0.747,-19.104,10.315,-44.128
-0.366,0.004,0.784,-17.700,-0.305,-41.565
-0.303,0.013,0.781,-16.968,-11.292,-34.058
-0.322,0.023,0.789,-15.137,-19.714,-22.766
-0.408,0.066,0.783,-11.963,-26.794,-10.437
-0.438,0.098,0.790,-7.446,-32.715,0.427
-0.456,0.095,0.788,-3.174,-37.109,5.798
-0.491,0.167,0.760,2.258,-38.696,2.075
-0.547,0.155,0.787,12.390,-35.461,-3.723
-0.618,0.040,0.824,21.484,-29.907,-8.545
-0.662,-0.014,0.868,26.184,-24.292,-14.282
-0.675,-0.139,0.848,28.015,-18.005,-16.113
-0.698,-0.272,0.875,27.344,-10.559,-14.893
-0.666,-0.344,0.886,21.973,-4.883,-14.893
-0.596,-0.380,0.851,12.146,-1.160,-16.846
-0.523,-0.365,0.803,0.732,1.404,-21.912
-0.478,-0.284,0.770,-10.071,2.808,-28.809
-0.523,-0.171,0.744,-17.517,2.441,-35.095
-0.574,-0.073,0.752,-17.883,-0.183,-37.842
-0.568,-0.045,0.771,-13.306,-5.188,-34.302
-0.580,-0.049,0.794,-8.179,-10.986,-27.588
-0.614,-0.057,0.814,-3.906,-15.015,-21.179
-0.611,-0.094,0.812,0.549,-15.259,-15.808
-0.617,-0.131,0.841,6.226,-11.658,-12.024
-0.592,-0.165,0.863,10.681,-7.324,-10.193
-0.551,-0.212,0.856,11.169,-5.249,-10.681
-0.562,-0.204,0.889,7.690,-6.287,-13.733
-0.547,-0.172,0.881,2.075,-10.315,-18.005
-0.486,-0.173,0.901,-2.869,-14.282,-21.667
-0.452,-0.185,0.928,-7.507,-15.503,-26.001
-0.462,-0.178,0.952,-11.353,-13.733,-30.457
-0.526,-0.155,0.975,-13.794,-11.963,-31.250
-0.579,-0.123,0.991,-14.099,-11.658,-26.855
-0.588,-0.091,0.984,-12.390,-12.390,-18.738
-0.597,-0.063,0.967,-8.606,-12.573,-10.315
-0.604,-0.046,0.963,-3.235,-11.169,-3.174
-0.597,-0.056,0.958,2.441,-9.338,2.258
-0.593,-0.066,0.961,6.531,-8.179,5.249
-0.590,-0.086,0.956,9.155,-7.141,6.348
-0.582,-0.102,0.962,10.620,-6.042,7.812
-0.579,-0.102,0.968,11.841,-4.395,10.498
-0.582,-0.135,0.973,14.160,-2.686,13.550
-0.563,-0.155,0.982,14.465,-0.732,14.771
-0.556,-0.157,0.984,13.306,0.977,13.794
-0.574,-0.149,0.991,10.742,1.709,11.963
-0.556,-0.160,0.980,7.446,1.709,10.681
-0.540,-0.171,0.970,4.883,1.953,9.460
-0.554,-0.175,0.959,1.770,2.563,8.972
-0.565,-0.172,0.959,-1.465,2.136,8.972
-0.549,-0.161,0.943,-3.845,0.610,9.949
-0.545,-0.148,0.931,-5.188,-0.671,11.414
-0.551,-0.120,0.934,-5.005,-1.221,13.000
-0.510,-0.119,0.923,-2.991,-1.343,15.259
-0.472,-0.133,0.897,-0.854,-0.244,17.517
-0.448,-0.147,0.906,-2.502,1.648,18.616
-0.431,-0.140,0.922,-5.737,2.441,18.616
-0.427,-0.104,0.926,-9.521,1.465,18.311
-0.426,-0.073,0.925,-11.658,-0.671,18.311
-0.418,-0.054,0.923,-12.817,-2.441,19.409
-0.423,-0.045,0.921,-13.184,-3.296,20.752
-0.425,-0.031,0.923,-12.573,-4.150,22.217
-0.446,-0.038,0.929,-12.695,-5.249,23.437
-0.464,-0.040,0.921,-12.939,-6.897,24.170
-0.470,-0.049,0.913,-12.939,-8.301,24.414
-0.473,-0.064,0.924,-13.977,-9.644,23.499
-0.469,-0.078,0.921,-15.381,-10.620,20.996
-0.483,-0.075,0.916,-17.212,-10.620,17.334
-0.500,-0.063,0.921,-19.348,-10.132,13.611
-0.513,-0.042,0.919,-21.362,-10.010,10.376
-0.508,-0.035,0.920,-21.973,-10.010,8.667
-0.475,-0.028,0.919,-22.461,-9.949,7.507
-0.481,-0.028,0.915,-23.560,-9.155,6.165
-0.493,-0.014,0.921,-22.095,-7.507,5.005
-0.519,0.022,0.909,-19.287,-4.761,3.662
-0.534,0.029,0.909,-15.564,-0.977,3.662
-0.534,0.025,0.908,-12.085,3.052,4.333
-0.531,0.022,0.912,-8.240,7.141,5.127
-0.533,0.017,0.911,-5.676,10.559,6.042
-0.519,0.010,0.908,-3.906,12.390,7.202
-0.498,-0.005,0.896,-2.625,13.306,8.179

1.512,-0.216,1.097,-2.075,11.230,-11.108
1.701,-0.294,1.086,-2.136,13.306,-2.563
1.854,-0.421,0.975,-3.052,11.047,7.507
1.996,-0.453,0.990,-9.888,5.493,16.052
2.067,-0.526,0.978,-24.170,-1.221,21.729
2.067,-0.498,0.981,-42.969,-3.357,21.057
2.046,-0.393,0.840,-61.035,-4.089,17.700
1.845,-0.203,0.858,-74.707,-0.732,19.592
1.658,-0.034,0.835,-77.576,1.282,30.701
1.359,0.041,0.852,-66.833,-2.930,54.077
1.056,0.099,0.919,-48.218,-15.259,85.754
0.751,0.134,0.947,-27.222,-36.926,121.826
0.256,0.221,0.940,-2.869,-60.730,158.630
-0.297,0.108,0.896,22.339,-81.177,192.322
-0.784,0.040,0.953,41.016,-93.872,210.815
-1.156,0.039,1.021,52.124,-95.276,209.778
-1.420,-0.081,1.092,65.369,-83.923,198.120
-1.513,-0.250,1.141,76.843,-65.369,178.101
-1.420,-0.471,1.131,78.735,-45.898,151.367
-1.292,-0.695,1.148,70.801,-28.809,117.859
-1.122,-0.781,1.141,52.979,-16.541,75.439
-1.035,-0.689,1.051,24.719,-7.935,31.738
-0.928,-0.459,0.988,-0.122,1.709,-1.038
-0.707,-0.353,0.831,-9.399,12.512,-19.348
-0.458,-0.259,0.852,-10.803,20.508,-30.212
-0.334,-0.165,0.760,-12.451,18.005,-34.973
-0.293,-0.012,0.730,-13.794,4.883,-32.715
-0.268,0.119,0.734,-12.817,-14.343,-25.269
-0.270,0.176,0.718,-13.550,-33.813,-14.099
-0.293,0.225,0.678,-9.949,-48.645,-2.380
-0.426,0.328,0.673,-0.488,-57.495,9.949
-0.502,0.280,0.674,13.428,-62.256,26.245
-0.477,0.027,0.720,26.794,-65.186,40.955
-0.464,-0.145,0.774,29.297,-66.895,43.030
-0.478,-0.223,0.813,19.165,-67.200,30.579
-0.498,-0.194,0.824,2.625,-66.162,8.972
-0.566,-0.106,0.809,-13.184,-64.758,-11.902
-0.697,0.041,0.787,-22.278,-62.866,-26.794
-0.826,0.162,0.824,-22.217,-60.547,-32.043
-0.825,0.207,0.842,-15.198,-58.289,-27.039
-0.815,0.179,0.852,-4.272,-54.382,-13.977
-0.852,0.056,0.896,6.409,-49.133,3.113
-0.899,-0.030,0.933,12.939,-44.983,18.738
-0.893,-0.086,0.928,12.878,-41.321,27.710
-0.836,-0.113,0.923,8.545,-35.645,27.039
-0.796,-0.086,0.911,2.441,-27.649,17.822
-0.776,-0.075,0.916,-3.662,-19.592,6.226
-0.689,-0.091,0.940,-7.446,-14.648,-3.235
-0.576,-0.088,0.940,-12.573,-12.207,-10.315
-0.499,-0.085,0.927,-16.785,-10.071,-13.977
-0.463,-0.062,0.924,-19.958,-8.667,-13.916
-0.425,-0.031,0.900,-23.987,-7.874,-11.780
-0.406,0.009,0.902,-27.405,-6.897,-8.667
-0.386,0.007,0.882,-29.724,-7.568,-7.324
-0.370,0.036,0.889,-33.691,-9.155,-10.132
-0.322,0.100,0.885,-36.499,-12.329,-15.808
-0.307,0.128,0.891,-35.583,-15.686,-20.386
-0.287,0.123,0.922,-32.043,-18.188,-22.461
-0.257,0.119,0.940,-28.625,-20.081,-22.522
-0.262,0.098,0.939,-25.452,-21.973,-19.104
-0.251,0.086,0.928,-20.081,-24.048,-14.709
-0.225,-0.004,0.940,-16.174,-24.170,-11.536
-0.221,-0.089,0.989,-15.076,-22.766,-13.306
-0.230,-0.153,1.021,-17.151,-21.912,-20.020
-0.232,-0.219,1.001,-22.766,-21.973,-28.625
-0.277,-0.173,0.999,-29.724,-21.606,-36.377
-0.331,-0.052,0.989,-35.339,-22.278,-39.490
-0.363,0.042,0.952,-35.583,-23.437,-34.546
-0.358,0.093,0.919,-30.090,-24.292,-24.292
-0.379,0.145,0.891,-21.790,-24.963,-14.587
-0.449,0.109,0.869,-12.146,-24.841,-8.789
-0.520,0.045,0.854,-5.676,-24.780,-9.827
-0.574,0.007,0.847,-4.517,-24.414,-17.151
-0.668,-0.002,0.845,-6.409,-23.743,-25.513
-0.761,0.049,0.859,-9.094,-24.048,-30.457
-0.784,0.083,0.851,-10.132,-25.513,-29.114
-0.800,0.105,0.828,-8.545,-27.100,-23.010
-0.802,0.101,0.814,-5.371,-27.466,-15.808
-0.790,0.081,0.801,-1.160,-27.100,-9.399
-0.751,0.042,0.786,3.235,-25.574,-4.150
-0.727,0.009,0.783,5.920,-22.949,-0.244
-0.730,-0.033,0.771,6.836,-20.020,1.465
-0.729,-0.068,0.785,6.470,-16.418,0.916
-0.725,-0.079,0.831,4.700,-13.245,-1.709
-0.702,-0.118,0.876,0.793,-11.780,-5.493
-0.673,-0.119,0.885,-5.737,-10.986,-11.108
-0.656,-0.082,0.890,-12.817,-9.644,-17.578
-0.648,-0.031,0.918,-17.212,-7.629,-21.118
-0.634,0.013,0.923,-17.517,-5.981,-20.386
-0.615,0.055,0.928,-15.076,-4.700,-15.625
-0.606,0.083,0.912,-11.414,-2.808,-7.568
-0.619,0.107,0.922,-5.676,-1.221,2.319
-0.606,0.107,0.922,0.610,0.061,13.489
-0.566,0.101,0.908,5.676,1.465,23.315
-0.540,0.091,0.885,9.033,3.357,29.541
-0.528,0.097,0.877,10.071,5.493,31.311
-0.509,0.084,0.887,7.019,7.263,30.090
-0.508,0.083,0.912,3.540,7.263,25.085
-0.516,0.062,0.939,-0.427,5.432,17.517
-0.528,0.062,0.959,-6.104,3.235,8.118
-0.561,0.090,0.956,-10.742,1.648,-0.366
-0.613,0.128,0.971,-11.841,1.831,-5.005
-0.620,0.137,0.988,-10.132,3.113,-5.310
-0.601,0.115,0.980,-7.385,4.700,-2.686
-0.592,0.116,0.985,-4.150,7.385,1.526
-0.583,0.106,0.998,-0.061,10.254,6.653
-0.537,0.089,1.002,3.967,12.573,11.902
-0.483,0.064,0.991,8.057,14.404,15.747
-0.452,0.050,0.985,10.864,16.296,17.395
-0.449,0.054,0.976,13.306,17.883,17.029
-0.450,0.063,0.974,14.954,18.799,15.991
-0.450,0.074,0.955,16.907,18.921,14.893
-0.441,0.076,0.954,19.470,18.677,14.343
-0.440,0.048,0.939,21.790,17.944,13.611
-0.408,0.043,0.937,21.606,17.456,11.597
-0.355,0.032,0.930,22.339,17.334,9.338
-0.310,0.029,0.926,23.926,17.334,7.874
-0.295,0.023,0.909,25.146,17.151,7.568
-0.284,0.015,0.913,24.963,16.418,9.155

1.696,-0.151,1.077,-5.554,14.282,-32.349
1.829,-0.268,1.188,-7.874,15.320,-35.889
1.975,-0.329,1.218,-17.456,16.541,-39.490
2.069,-0.405,1.161,-34.546,17.761,-41.748
2.109,-0.328,1.035,-52.917,23.621,-44.189
2.126,-0.230,0.869,-69.702,35.461,-45.288
2.151,-0.173,0.743,-78.796,50.598,-43.884
2.090,-0.164,0.691,-73.608,58.960,-41.077
1.909,-0.064,0.755,-69.397,51.086,-34.973
1.684,0.100,0.799,-69.641,25.696,-18.372
1.307,0.157,0.701,-61.951,-10.742,12.268
0.670,0.276,0.652,-40.283,-50.964,55.969
-0.249,0.296,0.676,-4.761,-92.407,106.445
-0.884,0.220,0.742,34.424,-133.606,150.024
-1.082,0.046,0.770,59.753,-165.161,174.500
-1.185,-0.104,0.760,71.411,-173.828,174.438
-1.449,-0.236,0.749,76.416,-162.170,156.433
-1.671,-0.302,0.787,73.120,-144.287,131.226
-1.808,-0.367,0.811,63.843,-129.822,105.347
-1.895,-0.434,0.761,48.035,-118.347,76.355
-1.818,-0.393,0.874,26.917,-105.774,39.978
-1.647,-0.323,0.854,5.432,-90.515,4.089
-1.483,-0.196,0.821,-9.521,-71.777,-22.766
-1.365,-0.027,0.816,-14.221,-54.199,-35.767
-1.247,0.082,0.844,-10.376,-41.992,-30.212
-1.090,0.135,0.839,-0.061,-35.583,-11.047
-0.945,0.102,0.837,13.733,-32.104,12.146
-0.827,0.040,0.852,26.184,-29.907,30.884
-0.728,0.027,0.851,31.555,-28.198,38.269
-0.670,0.017,0.863,33.264,-25.330,35.889
-0.619,0.005,0.866,33.813,-22.522,28.381
-0.601,-0.055,0.889,33.081,-20.386,20.630
-0.573,-0.139,0.920,30.273,-19.104,13.672
-0.535,-0.238,0.947,24.292,-18.921,7.019
-0.507,-0.284,0.976,13.855,-19.348,-0.549
-0.486,-0.275,1.002,0.854,-20.752,-8.789
-0.481,-0.215,1.023,-11.414,-21.362,-17.700
-0.495,-0.115,1.043,-23.010,-19.897,-26.489
-0.468,0.001,1.025,-30.396,-16.418,-31.616
-0.399,0.050,0.997,-31.250,-11.414,-31.067
-0.369,0.047,1.006,-27.222,-6.958,-27.039
-0.344,0.021,1.037,-24.170,-6.836,-23.132
-0.375,0.010,1.012,-26.245,-11.475,-19.165
-0.401,0.039,1.001,-26.978,-18.127,-15.198
-0.391,0.034,0.996,-24.170,-23.254,-11.597
-0.380,0.028,0.970,-22.705,-24.658,-9.521
-0.363,0.010,0.929,-21.362,-20.447,-8.301
-0.384,-0.028,0.926,-15.259,-12.756,-6.470
-0.425,-0.092,0.933,-7.568,-7.019,-3.906
-0.446,-0.170,0.948,-5.188,-4.822,-2.075
-0.401,-0.230,0.949,-8.240,-4.517,-2.808
-0.344,-0.255,0.931,-13.367,-3.357,-6.348
-0.304,-0.221,0.920,-19.531,-1.587,-11.597
-0.260,-0.161,0.933,-23.987,-0.732,-16.296
-0.228,-0.060,0.926,-26.855,-1.709,-19.409
-0.247,-0.028,0.908,-26.550,-3.662,-20.569
-0.299,-0.042,0.950,-22.888,-6.287,-20.935
-0.339,-0.052,0.975,-21.301,-9.460,-21.790
-0.327,-0.063,0.974,-22.705,-11.719,-20.813
-0.276,-0.088,1.007,-21.667,-11.230,-17.944
-0.204,-0.049,1.005,-21.118,-9.460,-13.672
-0.161,-0.033,1.038,-22.034,-8.972,-7.629
-0.109,-0.001,1.045,-25.391,-10.986,-2.441
-0.061,0.098,1.044,-25.574,-14.221,1.587
-0.035,0.102,0.984,-21.790,-16.418,5.737
-0.104,0.062,1.006,-18.616,-16.785,7.507
-0.240,0.045,1.005,-16.235,-17.029,4.578
-0.298,-0.000,0.984,-14.587,-16.846,1.038
-0.301,-0.022,0.989,-13.611,-15.381,-1.465
-0.245,-0.023,0.972,-12.878,-14.282,-2.808
-0.153,0.019,0.910,-14.099,-13.916,-3.662
-0.131,0.134,0.842,-14.099,-15.015,-4.639
-0.169,0.255,0.748,-8.179,-18.494,-4.333
-0.294,0.242,0.667,-0.061,-23.315,-2.441
-0.456,0.149,0.664,8.362,-28.076,-0.793
-0.652,-0.034,0.693,13.367,-34.485,-1.831
-0.829,-0.153,0.743,8.850,-42.603,-6.287
-0.944,-0.172,0.774,-0.549,-49.683,-12.756
-0.979,-0.145,0.779,-8.606,-52.124,-17.456
-0.988,-0.089,0.786,-13.306,-49.194,-19.592
-1.042,-0.021,0.814,-14.526,-43.335,-18.433
-1.049,0.014,0.823,-12.634,-36.865,-14.404
-1.018,-0.010,0.826,-7.568,-29.968,-8.423
-0.954,-0.051,0.849,-3.174,-23.437,-2.991
-0.902,-0.064,0.857,-1.465,-17.944,1.648
-0.889,-0.053,0.866,-1.404,-13.794,5.615
-0.869,-0.012,0.890,-1.221,-10.315,10.193
-0.771,-0.001,0.884,2.502,-7.202,16.846
-0.695,-0.030,0.917,8.118,-3.052,24.658
-0.666,-0.053,0.951,12.146,0.061,30.762
-0.645,-0.051,0.967,13.794,0.488,34.180
-0.628,-0.057,0.975,12.756,-0.732,35.522
-0.649,-0.044,0.987,10.193,-2.014,34.729
-0.651,0.001,0.996,7.446,-1.831,31.555
-0.625,0.041,1.005,4.883,0.244,27.405
-0.568,0.073,0.979,4.639,3.784,22.522
-0.517,0.070,0.940,5.554,7.874,16.602
-0.463,0.050,0.930,4.761,11.658,10.254
-0.420,0.012,0.938,1.526,14.282,4.211
-0.415,0.008,0.968,-2.625,14.526,-0.732
-0.453,-0.005,0.982,-6.165,12.329,-2.991
-0.472,-0.013,0.990,-7.874,9.094,-2.625
-0.467,-0.028,0.985,-9.827,6.409,-0.427
-0.442,-0.034,0.969,-11.353,5.798,2.380
-0.424,-0.026,0.951,-11.841,7.385,4.944
-0.429,-0.002,0.942,-11.597,9.094,6.897
-0.453,0.022,0.948,-10.376,9.338,9.338
-0.472,0.026,0.957,-10.010,7.446,11.169
-0.452,0.015,0.955,-10.803,4.944,12.146
-0.431,0.022,0.942,-11.780,3.540,11.475
-0.410,0.031,0.947,-11.841,3.601,9.888
-0.391,0.029,0.958,-11.597,4.089,8.057
-0.380,0.036,0.958,-12.695,3.784,6.775
-0.342,0.072,0.941,-13.123,3.418,5.371
-0.321,0.115,0.920,-11.414,3.052,5.066
-0.330,0.117,0.923,-9.155,2.686,6.470
-0.358,0.103,0.930,-6.592,1.953,7.874
-0.373,0.099,0.943,-4.822,0.732,8.179
-0.354,0.089,0.951,-3.296,-0.488,7.202

1.696,-0.146,1.184,-7.385,7.874,-18.005
1.891,-0.161,1.160,-12.695,22.278,-30.029
1.990,-0.166,1.076,-14.221,38.147,-44.800
1.973,-0.152,0.995,-23.193,55.786,-57.922
1.885,-0.199,0.821,-32.349,73.792,-66.650
1.762,-0.264,0.670,-33.325,90.332,-69.763
1.659,-0.251,0.717,-28.625,100.952,-66.895
1.500,-0.266,0.727,-39.673,97.107,-58.350
1.156,-0.304,0.713,-57.983,79.102,-47.363
0.708,-0.230,0.847,-70.679,48.706,-33.447
0.009,0.026,0.897,-84.595,4.395,-12.024
-0.560,0.293,0.915,-86.365,-46.875,22.278
-0.776,0.503,0.919,-66.101,-95.459,70.068
-0.853,0.442,0.814,-27.039,-131.348,124.146
-1.058,0.173,0.828,20.508,-149.292,165.222
-1.424,-0.123,0.946,50.720,-158.020,174.622
-1.741,-0.340,1.064,46.204,-165.100,153.381
-1.943,-0.499,1.082,21.912,-165.649,112.854
-2.083,-0.553,1.148,-11.780,-152.954,66.040
-1.932,-0.529,1.052,-45.410,-124.390,21.790
-1.552,-0.345,0.999,-68.359,-78.064,-10.986
-1.249,-0.107,0.971,-80.017,-25.696,-27.954
-1.022,0.102,0.942,-81.238,14.099,-30.457
-0.793,0.278,0.906,-71.716,31.799,-22.888
-0.585,0.350,0.847,-55.847,29.236,-10.498
-0.493,0.401,0.834,-41.199,14.954,-0.427
-0.440,0.437,0.843,-28.503,-3.479,6.470
-0.394,0.411,0.834,-15.137,-19.348,13.000
-0.342,0.362,0.843,-1.587,-27.527,19.775
-0.312,0.289,0.877,10.681,-27.405,27.588
-0.300,0.161,0.938,18.738,-23.926,35.217
-0.235,0.044,0.976,20.020,-21.790,37.964
-0.155,-0.008,0.972,13.672,-20.935,33.020
-0.110,0.069,0.942,3.601,-19.897,22.583
-0.112,0.180,0.902,-0.244,-18.738,13.672
-0.171,0.260,0.870,4.272,-18.494,10.925
-0.237,0.242,0.891,15.442,-20.813,13.550
-0.273,0.195,0.904,26.062,-26.245,18.005
-0.285,0.077,0.937,32.410,-32.410,22.339
-0.327,-0.028,0.994,31.555,-36.682,23.621
-0.342,-0.092,1.003,23.743,-37.476,20.386
-0.349,-0.111,1.011,14.343,-33.325,15.137
-0.355,-0.107,1.006,4.761,-26.978,9.888
-0.352,-0.074,0.993,-4.395,-21.667,5.371
-0.344,-0.009,0.970,-10.193,-18.494,1.343
-0.345,0.076,0.945,-12.207,-17.700,-0.671
-0.369,0.148,0.948,-10.559,-19.592,0.244
-0.367,0.155,0.961,-5.127,-23.132,4.150
-0.299,0.128,0.938,1.404,-26.001,8.118
-0.286,0.095,0.909,7.080,-25.513,11.353
-0.345,0.025,0.920,11.414,-22.278,13.245
-0.361,0.012,0.985,6.287,-19.836,12.634
-0.393,-0.045,0.950,-0.916,-19.043,10.132
-0.425,0.021,0.958,-4.272,-18.127,5.615
-0.410,0.042,0.927,-7.690,-15.503,2.625
-0.371,0.048,0.971,-14.404,-10.010,3.296
-0.351,0.026,0.882,-14.954,-5.066,4.456
-0.286,0.091,1.020,-21.301,0.305,5.493
-0.272,0.096,0.977,-12.573,0.488,6.592
-0.225,0.079,0.995,-12.634,-1.892,8.606
-0.229,0.032,0.999,-12.634,-5.676,9.644
-0.213,0.016,0.964,-11.414,-10.620,7.874
-0.202,0.007,0.947,-19.226,-13.123,5.554
-0.195,0.034,1.010,-26.245,-12.817,2.441
-0.106,0.051,0.928,-24.597,-13.184,-0.549
-0.044,0.084,0.983,-27.893,-11.597,-1.526
-0.152,0.037,0.953,-21.912,-13.428,-2.441
-0.292,0.030,0.930,-19.287,-20.203,-3.723
-0.398,0.084,0.916,-20.569,-28.442,-3.601
-0.448,0.137,0.891,-20.447,-34.424,-1.160
-0.402,0.169,0.832,-16.663,-37.720,1.648
-0.289,0.234,0.738,-12.878,-36.621,2.441
-0.308,0.303,0.707,-1.648,-32.593,1.160
-0.506,0.271,0.704,12.085,-30.396,-0.366
-0.709,0.177,0.755,24.414,-33.203,-2.747
-0.820,0.069,0.797,33.020,-38.940,-6.897
-0.888,-0.024,0.845,36.621,-43.884,-12.817
-0.926,-0.097,0.931,34.851,-44.617,-19.165
-0.934,-0.128,0.990,30.823,-41.138,-24.719
-0.823,-0.153,0.985,27.222,-32.593,-27.039
-0.766,-0.175,0.998,24.475,-20.203,-24.414
-0.758,-0.127,0.992,21.851,-8.972,-18.433
-0.712,-0.096,0.991,20.020,-1.770,-8.850
-0.695,-0.096,1.004,18.127,1.892,2.686
-0.693,-0.096,1.018,15.137,2.563,13.123
-0.681,-0.087,1.028,10.864,1.221,19.958
-0.647,-0.088,1.024,4.456,-0.427,22.827
-0.623,-0.077,1.021,-3.235,-0.549,21.179
-0.591,-0.027,1.006,-9.644,1.099,15.747
-0.571,0.010,0.997,-12.878,4.211,10.193
-0.519,0.033,1.000,-13.733,7.385,6.165
-0.456,0.057,0.987,-14.282,9.827,2.991
-0.391,0.103,0.970,-12.573,11.353,0.977
-0.351,0.132,0.935,-9.216,11.719,1.221
-0.319,0.164,0.942,-5.127,11.597,4.272
-0.312,0.149,0.945,2.380,10.498,9.949
-0.322,0.106,0.976,10.193,8.179,16.724
-0.338,0.072,0.996,14.709,5.432,21.179
-0.347,0.033,0.992,15.503,3.723,22.400
-0.351,0.020,0.987,13.489,4.395,20.447
-0.375,0.025,0.981,10.559,6.409,16.663
-0.381,0.031,0.983,5.432,8.667,13.184
-0.355,0.016,0.993,0.366,10.071,10.010
-0.320,-0.001,0.965,-2.319,9.644,6.042
-0.292,0.013,0.932,-5.615,9.216,1.404
-0.260,0.026,0.925,-6.775,9.277,-2.686
-0.260,0.020,0.934,-6.287,8.972,-5.493
-0.289,0.023,0.956,-6.531,7.568,-7.568
-0.300,0.045,0.966,-7.935,5.432,-8.728
-0.283,0.049,0.957,-7.141,4.089,-8.057
-0.263,0.047,0.950,-4.517,4.150,-6.470
-0.246,0.047,0.947,-2.502,5.432,-3.906
-0.249,0.044,0.941,-0.610,6.104,-0.977
-0.256,0.046,0.941,1.953,5.554,2.747
-0.252,0.046,0.944,4.395,3.418,6.836
-0.245,0.053,0.939,7.202,0.671,10.986
-0.245,0.035,0.932,10.071,-1.404,14.771
-0.248,0.014,0.936,12.573,-2.991,16.907
-0.263,0.008,0.941,13.977,-4.395,16.724

1.563,-0.643,1.267,17.273,11.963,4.883
1.922,-0.883,1.201,9.338,32.532,4.700
2.202,-1.002,1.082,-9.033,58.167,-1.099
2.396,-0.959,0.935,-31.494,85.815,-13.000
2.443,-0.799,0.713,-59.875,105.713,-28.076
2.473,-0.637,0.530,-92.590,113.464,-40.771
2.457,-0.394,0.307,-118.652,108.887,-49.683
2.266,-0.265,0.256,-135.315,95.215,-51.331
1.819,-0.127,0.249,-142.639,73.120,-43.518
1.006,0.127,0.373,-144.470,37.964,-21.362
0.057,0.575,0.488,-136.719,-7.080,23.437
-0.809,1.071,0.600,-107.422,-56.641,95.398
-1.510,1.579,0.801,-44.189,-105.225,184.082
-1.835,1.635,0.969,45.715,-149.902,273.376
-2.017,1.145,1.102,143.433,-183.960,338.867
-2.125,0.436,1.271,219.116,-201.355,354.309
-2.072,-0.347,1.303,240.417,-199.463,315.063
-1.884,-0.819,1.360,201.721,-173.035,231.812
-1.717,-0.942,1.268,129.578,-124.756,127.258
-1.604,-0.891,1.209,46.875,-62.683,29.236
-1.450,-0.588,1.214,-15.503,-7.629,-51.147
-1.102,-0.279,1.094,-54.077,24.780,-106.506
-0.809,-0.011,0.982,-68.359,39.246,-131.226
-0.604,0.165,0.981,-60.364,40.283,-128.235
-0.431,0.247,0.968,-40.039,29.297,-103.088
-0.266,0.221,0.927,-15.442,12.634,-63.660
-0.165,0.103,0.912,9.033,-2.136,-20.874
-0.078,-0.023,0.911,27.405,-12.512,14.709
0.012,-0.091,0.876,35.400,-19.714,38.208
0.014,-0.082,0.865,34.729,-23.499,47.424
-0.002,-0.043,0.859,29.724,-26.062,43.457
-0.039,0.017,0.846,23.437,-29.602,31.494
-0.143,0.071,0.885,17.883,-33.936,17.456
-0.227,0.053,0.915,15.564,-38.696,7.019
-0.302,-0.077,0.971,14.709,-40.710,1.831
-0.335,-0.148,1.021,11.169,-38.513,-0.549
-0.329,-0.144,1.023,4.639,-33.142,-0.854
-0.323,-0.116,1.022,0.183,-25.879,1.648
-0.251,-0.080,1.012,-1.282,-19.836,5.127
-0.159,-0.026,0.941,-2.136,-16.846,7.996
-0.158,-0.034,0.905,-1.465,-15.503,9.094
-0.208,-0.084,0.907,-0.610,-15.869,6.287
-0.240,-0.142,0.912,-2.930,-18.494,-0.916
-0.255,-0.166,0.914,-8.728,-21.606,-10.437
-0.262,-0.164,0.918,-16.968,-23.132,-20.996
-0.236,-0.125,0.932,-24.231,-23.315,-30.518
-0.196,-0.092,0.908,-28.625,-22.095,-36.011
-0.175,-0.052,0.911,-27.954,-19.165,-36.316
-0.174,0.006,0.921,-23.071,-16.602,-31.433
-0.181,0.058,0.930,-16.357,-16.479,-21.301
-0.199,0.080,0.948,-9.033,-18.738,-8.789
-0.245,0.094,0.981,-2.686,-23.682,1.587
-0.266,0.029,0.993,1.343,-28.503,8.789
-0.299,-0.023,1.001,1.831,-30.823,9.521
-0.359,-0.020,1.015,-0.671,-29.846,4.211
-0.332,-0.043,1.027,-3.113,-26.367,-2.563
-0.287,-0.099,1.057,-5.005,-21.484,-7.751
-0.243,-0.115,1.084,-8.057,-16.724,-12.390
-0.146,-0.139,1.085,-9.338,-12.146,-14.526
-0.076,-0.112,1.067,-11.536,-8.728,-13.794
-0.009,-0.096,1.041,-14.404,-7.263,-10.559
0.073,-0.074,1.001,-15.747,-8.545,-6.470
0.131,0.016,0.949,-18.494,-12.390,-2.747
0.193,0.032,0.895,-18.860,-17.822,1.953
0.216,0.053,0.875,-18.677,-24.048,5.127
0.222,0.131,0.845,-19.348,-31.738,4.517
0.123,0.133,0.793,-17.517,-40.222,2.869
-0.082,0.159,0.834,-15.198,-49.194,0.916
-0.301,0.203,0.839,-16.052,-59.326,0.671
-0.480,0.202,0.867,-18.005,-68.298,4.211
-0.638,0.202,0.900,-13.672,-75.867,6.775
-0.749,0.179,0.921,-9.338,-80.383,6.470
-0.848,0.144,0.919,-4.211,-80.688,3.784
-1.017,0.104,0.903,2.869,-76.111,0.061
-1.200,0.015,0.912,10.864,-67.810,-2.441
-1.277,-0.137,0.983,18.250,-58.228,-4.089
-1.242,-0.273,1.053,20.752,-49.805,-7.996
-1.166,-0.382,1.038,14.465,-40.283,-15.198
-1.115,-0.415,0.978,3.967,-27.039,-23.437
-1.040,-0.377,0.904,-6.042,-10.498,-29.480
-0.938,-0.346,0.791,-13.550,5.737,-29.968
-0.838,-0.296,0.734,-17.822,18.433,-25.818
-0.719,-0.264,0.747,-18.372,23.804,-18.494
-0.599,-0.243,0.779,-19.958,20.325,-10.132
-0.528,-0.175,0.791,-25.330,10.498,-3.052
-0.549,-0.086,0.794,-30.396,-0.671,3.357
-0.583,0.019,0.793,-31.311,-8.484,8.728
-0.581,0.090,0.804,-28.137,-10.681,12.451
-0.537,0.134,0.828,-22.156,-8.240,13.611
-0.468,0.132,0.836,-17.151,-4.089,12.390
-0.412,0.119,0.856,-16.479,0.549,9.216
-0.365,0.133,0.889,-17.700,3.296,4.578
-0.335,0.147,0.903,-17.822,2.808,0.854
-0.338,0.160,0.911,-17.090,0.488,-2.075
-0.359,0.191,0.931,-15.015,-1.831,-3.357
-0.398,0.202,0.935,-10.193,-3.418,-2.319
-0.434,0.223,0.941,-4.028,-3.784,0.916
-0.438,0.220,0.963,4.333,-2.991,5.920
-0.453,0.187,0.979,14.160,-2.197,11.902
-0.496,0.150,1.009,21.423,-1.526,17.212
-0.538,0.104,1.031,25.696,-0.977,21.301
-0.543,0.051,1.029,28.137,0.610,23.743
-0.515,0.005,1.014,28.931,3.906,25.146
-0.482,-0.016,0.996,27.161,8.057,25.146
-0.458,-0.026,0.993,24.536,11.536,23.926
-0.451,-0.033,0.987,20.325,12.695,21.057
-0.451,-0.032,0.973,14.526,11.475,16.602
-0.454,-0.018,0.952,9.033,8.667,10.742
-0.425,-0.003,0.940,4.944,6.775,4.639
-0.381,-0.013,0.919,2.991,6.470,-0.122
-0.357,-0.020,0.907,2.502,7.751,-3.784
-0.342,-0.024,0.909,3.052,9.216,-5.798
-0.330,-0.049,0.913,4.395,9.888,-5.981
-0.342,-0.085,0.942,5.798,9.216,-5.188
-0.323,-0.112,0.961,3.967,7.690,-4.456
-0.296,-0.100,0.939,0.488,6.287,-4.456
-0.286,-0.075,0.920,-2.563,6.409,-3.723
-0.311,-0.060,0.942,-5.371,6.958,-1.343
-0.355,-0.028,0.963,-6.226,6.287,1.526

1.479,-0.551,1.428,0.916,17.151,-9.460
1.922,-0.604,1.297,-5.554,32.593,-23.010
2.339,-0.529,1.084,-22.217,51.819,-39.368
2.674,-0.267,0.858,-45.166,70.374,-54.932
2.813,0.018,0.599,-66.895,82.703,-62.500
2.767,0.241,0.344,-83.252,86.304,-59.143
2.502,0.210,0.205,-85.632,82.092,-49.316
2.070,0.455,0.206,-83.130,70.618,-38.635
1.237,0.434,0.153,-72.449,42.603,-18.921
0.132,0.709,0.438,-59.631,-2.869,3.601
-1.169,0.962,0.669,-53.467,-70.862,27.649
-2.385,1.124,1.094,-38.086,-151.123,57.068
-2.912,1.099,1.201,0.977,-225.769,84.045
-2.968,0.899,1.194,40.100,-260.803,102.356
-2.979,0.474,1.005,80.017,-233.459,106.628
-2.769,0.007,1.169,105.835,-158.081,94.421
-2.376,-0.336,1.204,104.675,-73.364,67.444
-1.946,-0.531,1.190,78.430,-5.737,30.090
-1.365,-0.416,1.099,43.518,34.119,-12.390
-0.768,-0.232,0.912,13.489,53.955,-47.180
-0.367,-0.031,0.783,1.160,63.477,-64.880
-0.050,0.080,0.715,5.310,63.232,-61.035
0.230,0.071,0.686,18.799,53.223,-40.588
0.431,-0.017,0.720,32.043,36.560,-14.954
0.556,-0.034,0.744,36.316,15.442,4.333
0.579,-0.010,0.771,33.997,-5.310,16.663
0.492,0.033,0.818,31.372,-22.644,23.193
0.368,0.095,0.878,28.931,-36.560,24.719
0.243,0.119,0.917,27.100,-45.471,23.315
0.084,0.102,0.992,26.184,-49.011,19.836
-0.046,0.080,1.061,24.048,-48.950,13.733
-0.151,0.057,1.113,19.043,-46.143,6.042
-0.238,0.073,1.153,15.747,-40.710,-1.282
-0.284,0.029,1.153,15.381,-34.119,-3.845
-0.364,-0.080,1.200,16.541,-27.466,-3.601
-0.367,-0.149,1.216,13.245,-23.254,-5.615
-0.277,-0.184,1.168,5.066,-19.653,-10.803
-0.231,-0.189,1.141,-4.822,-13.733,-18.799
-0.196,-0.138,1.093,-14.587,-7.202,-27.588
-0.132,-0.057,1.050,-21.179,-2.625,-33.264
-0.062,0.013,1.015,-20.874,-2.075,-33.813
-0.023,0.081,0.990,-15.015,-6.104,-28.564
-0.018,0.097,0.952,-6.653,-11.475,-17.090
-0.031,0.071,0.963,5.554,-16.235,-2.075
-0.091,0.022,0.986,18.127,-21.179,14.099
-0.207,-0.080,1.028,26.978,-26.611,27.710
-0.292,-0.177,1.073,30.029,-30.579,33.569
-0.333,-0.245,1.101,25.574,-30.701,30.701
-0.377,-0.268,1.119,14.282,-26.733,21.301
-0.367,-0.249,1.082,0.000,-21.667,8.728
-0.319,-0.202,1.027,-11.475,-15.442,-3.113
-0.257,-0.127,0.994,-18.616,-9.583,-11.536
-0.184,-0.031,0.963,-21.484,-6.958,-16.113
-0.156,0.044,0.942,-19.226,-7.812,-15.076
-0.145,0.072,0.937,-12.634,-11.475,-9.033
-0.168,0.047,0.966,-4.395,-15.625,-0.061
-0.204,0.002,1.012,3.601,-18.860,9.277
-0.210,-0.043,1.030,7.568,-20.630,15.442
-0.193,-0.051,1.020,6.653,-19.714,15.991
-0.178,-0.002,0.998,4.028,-15.869,12.573
-0.141,0.044,0.992,3.662,-11.169,9.521
-0.061,0.018,0.990,6.226,-8.423,8.850
0.040,-0.017,0.978,8.240,-8.545,8.179
0.097,-0.085,0.946,7.385,-10.193,6.592
0.087,-0.183,0.942,3.967,-12.634,3.662
0.059,-0.329,0.957,-3.479,-17.029,-1.038
0.078,-0.397,0.890,-19.165,-23.071,-10.559
0.115,-0.385,0.762,-39.185,-26.917,-23.804
0.055,-0.267,0.676,-55.542,-26.855,-35.645
-0.041,-0.032,0.609,-62.195,-28.198,-40.894
-0.084,0.145,0.533,-56.519,-33.875,-33.142
-0.123,0.181,0.509,-40.039,-43.701,-15.076
-0.305,0.198,0.583,-23.987,-57.617,2.930
-0.525,0.092,0.690,-13.916,-74.829,15.137
-0.697,-0.049,0.832,-10.925,-90.637,18.738
-0.877,-0.058,0.900,-18.982,-99.548,12.939
-1.060,0.029,0.920,-30.579,-96.619,3.479
-1.273,0.134,0.960,-36.194,-83.740,-3.540
-1.367,0.249,1.028,-35.034,-67.810,-6.042
-1.315,0.265,1.049,-27.710,-52.551,-4.761
-1.196,0.179,1.069,-19.226,-38.147,-2.197
-1.059,0.129,1.044,-16.785,-24.841,-2.563
-0.979,0.088,0.998,-17.944,-13.489,-4.272
-0.941,0.072,0.921,-19.043,-5.310,-5.188
-0.862,0.057,0.871,-18.555,1.526,-4.456
-0.769,0.043,0.822,-15.137,8.667,-1.404
-0.709,0.058,0.816,-11.719,14.343,3.601
-0.641,0.047,0.829,-8.667,17.578,10.132
-0.481,0.036,0.852,-7.446,17.456,14.465
-0.301,0.017,0.814,-9.399,15.137,14.038
-0.247,0.033,0.800,-15.076,13.123,8.240
-0.294,0.106,0.854,-21.729,9.705,-0.549
-0.381,0.215,0.878,-26.062,2.808,-7.690
-0.468,0.299,0.886,-26.489,-4.761,-10.315
-0.550,0.348,0.888,-21.179,-8.728,-7.568
-0.584,0.385,0.890,-11.414,-8.423,-1.465
-0.574,0.386,0.894,2.075,-4.822,7.324
-0.506,0.322,0.890,17.334,0.000,16.602
-0.439,0.235,0.895,29.663,3.601,23.926
-0.416,0.161,0.912,36.133,4.333,27.710
-0.412,0.080,0.931,37.292,2.319,27.527
-0.394,0.002,0.950,35.278,-0.854,23.560
-0.418,-0.064,0.956,29.663,-2.747,16.968
-0.449,-0.078,0.984,21.790,-3.052,9.888
-0.453,-0.088,0.969,13.672,-2.502,4.517
-0.443,-0.080,0.974,6.226,-0.916,1.770
-0.458,-0.066,0.986,0.549,0.549,1.465
-0.477,-0.030,0.986,-2.686,0.854,2.380
-0.469,0.017,0.988,-4.822,0.793,3.967
-0.446,0.031,0.970,-5.859,1.282,5.798
-0.431,0.044,0.968,-6.226,2.502,6.348
-0.400,0.041,0.978,-6.470,3.845,5.310
-0.369,0.016,0.976,-7.141,4.822,3.479
-0.356,-0.010,0.981,-8.850,5.005,1.282
-0.362,-0.016,0.980,-11.902,4.822,-1.099
-0.381,0.008,0.968,-14.587,4.456,-2.502
-0.395,0.039,0.960,-14.404,4.211,-1.953
-0.390,0.050,0.957,-12.146,4.028,0.183
-0.370,0.049,0.952,-9.094,3.967,2.930

1.764,-0.418,1.093,-10.315,37.781,-13.672
2.148,-0.455,0.984,-19.470,46.875,-16.296
2.213,-0.410,0.826,-27.771,56.519,-19.165
2.191,-0.281,0.662,-41.931,68.237,-21.545
2.233,-0.196,0.444,-57.068,76.294,-23.560
2.287,-0.074,0.380,-69.702,82.764,-25.452
2.321,0.018,0.369,-72.083,83.130,-26.367
2.066,0.123,0.521,-70.740,69.702,-21.545
1.243,0.215,0.643,-66.284,34.973,-8.484
0.109,0.299,0.846,-64.392,-19.775,14.526
-1.081,0.443,1.096,-57.678,-87.524,44.067
-1.807,0.542,1.361,-44.067,-154.968,76.233
-2.069,0.513,1.401,-28.870,-199.036,104.858
-2.072,0.396,1.327,-11.292,-195.068,119.019
-1.976,0.243,1.274,6.470,-144.897,114.746
-1.698,-0.018,1.213,29.419,-72.693,94.360
-1.256,-0.260,1.273,46.326,-6.653,59.692
-0.994,-0.395,1.330,33.142,29.968,17.517
-0.698,-0.304,1.240,1.099,35.767,-28.442
-0.365,-0.073,1.062,-30.273,25.452,-70.129
-0.153,0.195,0.909,-45.654,14.709,-95.093
-0.037,0.386,0.874,-41.565,6.470,-97.595
0.030,0.448,0.839,-23.315,-2.625,-78.857
0.087,0.393,0.829,-0.366,-14.587,-45.410
0.138,0.280,0.844,21.362,-28.442,-9.460
0.103,0.142,0.879,36.072,-40.283,20.386
0.025,0.041,0.913,41.260,-46.997,38.208
-0.038,0.031,0.937,38.452,-47.729,42.969
-0.071,0.082,0.939,33.142,-44.006,39.795
-0.108,0.158,0.953,27.710,-39.001,34.119
-0.148,0.247,0.958,23.926,-36.011,28.748
-0.194,0.240,0.975,24.902,-35.522,25.391
-0.248,0.156,1.000,27.771,-36.072,23.621
-0.300,0.057,1.026,27.100,-36.194,19.348
-0.317,-0.031,1.030,21.851,-33.447,12.329
-0.323,-0.102,1.043,14.099,-27.954,3.540
-0.317,-0.093,1.053,4.456,-22.034,-6.775
-0.266,-0.053,1.045,-5.737,-17.883,-16.357
-0.180,0.011,1.016,-12.817,-14.954,-23.010
-0.119,0.083,0.978,-16.296,-12.817,-24.841
-0.100,0.101,0.954,-15.930,-12.085,-21.606
-0.124,0.070,0.950,-13.245,-13.428,-16.602
-0.160,0.060,0.967,-12.756,-17.822,-12.207
-0.196,0.074,0.967,-13.550,-23.437,-8.240
-0.250,0.095,0.965,-12.878,-28.198,-4.028
-0.289,0.109,0.964,-9.338,-30.884,0.793
-0.315,0.088,0.983,-4.211,-31.311,6.104
-0.342,0.038,1.002,-0.793,-30.518,9.460
-0.329,0.000,1.001,-0.244,-28.687,9.460
-0.245,0.002,0.970,-1.404,-25.452,6.836
-0.211,-0.047,0.967,-2.136,-21.362,3.540
-0.242,-0.105,1.000,-4.272,-19.714,-2.319
-0.255,-0.101,1.000,-10.376,-21.729,-11.230
-0.277,-0.054,0.997,-17.578,-24.719,-20.752
-0.325,-0.009,1.008,-21.729,-26.184,-27.222
-0.339,0.017,1.029,-21.545,-25.879,-28.931
-0.333,0.041,1.041,-18.433,-24.048,-26.245
-0.312,0.070,1.050,-12.573,-21.179,-20.020
-0.301,0.091,1.032,-5.066,-18.127,-10.864
-0.313,0.046,1.037,3.723,-16.113,-0.305
-0.323,-0.056,1.063,9.888,-15.381,9.338
-0.287,-0.137,1.062,8.362,-15.198,13.000
-0.263,-0.162,1.073,1.099,-12.695,9.827
-0.263,-0.148,1.074,-7.751,-7.751,2.563
-0.243,-0.110,1.060,-15.869,-2.991,-5.005
-0.208,-0.060,1.035,-20.447,0.916,-10.132
-0.174,0.001,1.008,-21.057,2.563,-11.780
-0.164,0.049,0.991,-18.005,2.563,-9.094
-0.180,0.016,0.995,-12.329,0.732,-2.686
-0.236,-0.026,1.021,-8.240,-2.686,3.967
-0.261,-0.046,1.032,-9.033,-6.775,7.874
-0.250,-0.028,1.004,-12.085,-9.521,8.789
-0.242,0.015,0.984,-15.686,-8.667,7.812
-0.236,0.076,0.973,-17.395,-5.920,6.042
-0.227,0.156,0.946,-16.541,-4.089,5.188
-0.231,0.204,0.898,-12.878,-3.906,6.958
-0.238,0.196,0.889,-7.385,-5.127,10.925
-0.275,0.193,0.869,-2.686,-7.812,14.404
-0.345,0.170,0.858,0.671,-11.230,16.235
-0.409,0.134,0.871,4.150,-14.221,16.113
-0.441,0.118,0.868,6.104,-16.602,13.916
-0.445,0.090,0.865,7.874,-16.846,11.963
-0.463,0.046,0.875,10.376,-15.503,11.475
-0.501,0.004,0.900,10.559,-14.282,11.353
-0.533,-0.004,0.920,7.202,-14.282,10.498
-0.545,-0.022,0.908,2.441,-13.977,8.911
-0.547,-0.014,0.917,-2.258,-11.902,5.981
-0.523,0.006,0.914,-5.981,-8.240,2.441
-0.497,0.018,0.904,-8.606,-4.456,-0.488
-0.478,0.029,0.908,-9.521,-1.831,-1.648
-0.473,0.051,0.903,-10.010,-0.732,-0.732
-0.484,0.071,0.895,-9.338,0.061,2.136
-0.490,0.067,0.885,-7.202,0.671,6.958
-0.504,0.053,0.893,-5.005,1.221,12.024
-0.507,0.055,0.897,-4.272,1.526,14.709
-0.495,0.061,0.898,-4.517,2.197,15.015
-0.469,0.069,0.903,-5.005,3.662,13.855
-0.434,0.065,0.914,-4.639,6.226,12.268
-0.401,0.077,0.914,-4.578,8.179,10.742
-0.376,0.090,0.909,-4.456,8.484,9.521
-0.355,0.096,0.909,-3.418,7.141,9.216
-0.351,0.109,0.900,-2.502,5.005,8.789
-0.340,0.139,0.915,-1.709,2.991,8.057
-0.307,0.135,0.927,0.977,1.404,8.057
-0.291,0.104,0.938,4.028,0.366,7.874
-0.301,0.093,0.947,5.554,-0.183,7.507
-0.334,0.103,0.944,6.592,-0.671,8.179
-0.374,0.098,0.943,8.423,-1.526,10.986
-0.389,0.096,0.949,10.742,-2.380,14.404
-0.360,0.096,0.961,12.512,-2.991,17.212
-0.321,0.075,0.958,14.282,-3.479,18.860
-0.299,0.037,0.969,14.771,-3.357,18.311
-0.291,0.015,0.987,13.000,-3.296,15.198
-0.301,0.018,0.998,8.850,-4.028,10.498
-0.314,0.021,0.997,4.883,-5.249,5.920
-0.330,0.031,0.993,1.892,-5.737,2.197
-0.356,0.060,0.989,-0.610,-5.493,-0.671
-0.393,0.086,0.991,-1.648,-5.005,-1.831
-0.384,0.095,0.986,-1.160,-4.517,-1.953

1.282,-0.222,1.290,-20.020,42.236,-4.578
1.583,-0.231,1.079,-23.071,65.857,-8.423
1.983,-0.288,0.757,-22.827,91.797,-14.526
2.277,-0.225,0.407,-36.316,115.845,-26.794
2.722,-0.117,0.479,-75.378,131.104,-42.969
2.960,-0.108,0.366,-104.675,128.662,-60.913
2.957,-0.196,0.318,-106.934,117.065,-78.552
2.745,-0.215,0.160,-92.346,98.877,-92.712
2.284,-0.149,0.200,-92.590,72.632,-92.163
1.238,0.011,0.273,-103.638,34.424,-68.420
-0.109,0.359,0.510,-96.191,-18.555,-22.400
-1.127,0.688,0.813,-68.359,-85.388,40.955
-1.541,0.819,1.010,-24.536,-160.522,110.962
-1.622,0.879,1.407,20.020,-231.873,167.480
-1.738,0.584,1.108,57.129,-272.095,198.303
-1.847,0.339,0.906,89.661,-247.192,197.510
-1.888,-0.101,1.048,120.117,-175.171,172.729
-1.726,-0.509,1.258,114.807,-99.487,130.432
-1.408,-0.592,1.307,70.007,-49.744,73.547
-1.311,-0.412,1.266,18.677,-24.231,16.968
-1.265,-0.174,1.164,-16.052,-15.259,-24.414
-1.164,0.087,1.092,-32.593,-13.794,-48.401
-0.928,0.211,1.030,-29.541,-11.108,-53.223
-0.618,0.206,0.972,-13.977,-5.066,-43.091
-0.388,0.174,0.924,1.953,1.648,-25.146
-0.229,0.073,0.916,16.968,4.700,-4.456
-0.048,-0.020,0.923,27.466,1.770,13.489
0.106,-0.047,0.917,29.663,-5.249,24.353
0.135,-0.009,0.906,25.146,-12.817,28.259
0.103,0.072,0.895,19.531,-18.616,28.259
0.059,0.127,0.885,16.357,-22.949,27.100
-0.017,0.150,0.885,15.442,-26.611,25.391
-0.106,0.136,0.896,16.235,-30.090,22.949
-0.165,0.118,0.924,17.212,-33.203,19.104
-0.181,0.055,0.947,17.761,-34.302,14.038
-0.204,-0.005,0.973,16.357,-32.776,8.362
-0.212,-0.063,1.009,11.658,-30.273,2.075
-0.162,-0.059,1.010,5.554,-28.687,-4.517
-0.141,-0.009,0.990,-0.671,-27.405,-9.338
-0.181,0.057,0.977,-4.150,-26.489,-11.658
-0.253,0.063,0.969,-2.930,-26.062,-10.071
-0.329,-0.005,0.999,1.587,-26.123,-6.470
-0.379,-0.063,1.024,5.005,-26.672,-3.723
-0.407,-0.111,1.051,5.066,-26.855,-1.404
-0.443,-0.133,1.083,2.869,-25.757,0.854
-0.427,-0.112,1.086,-0.854,-23.987,2.686
-0.365,-0.082,1.069,-3.601,-20.264,4.578
-0.321,-0.057,1.043,-5.005,-14.709,6.775
-0.324,-0.100,1.047,-6.104,-10.010,7.263
-0.309,-0.119,1.059,-10.254,-8.545,3.479
-0.264,-0.110,1.039,-17.944,-9.277,-4.272
-0.234,-0.067,1.010,-26.489,-10.010,-13.428
-0.231,0.028,0.991,-32.593,-10.010,-21.606
-0.234,0.117,0.982,-33.508,-9.399,-25.391
-0.214,0.160,0.970,-28.809,-8.972,-23.621
-0.212,0.200,0.963,-20.752,-7.996,-18.127
-0.219,0.228,0.968,-9.766,-7.324,-9.583
-0.224,0.184,0.978,2.075,-7.263,1.221
-0.221,0.094,1.015,13.489,-8.118,11.963
-0.193,0.000,1.041,19.348,-9.888,18.555
-0.160,-0.040,1.040,19.287,-10.681,19.714
-0.143,-0.048,1.053,16.113,-9.338,17.639
-0.139,-0.040,1.065,12.268,-7.446,14.160
-0.132,-0.017,1.045,8.301,-6.348,10.193
-0.151,-0.057,1.027,4.883,-5.493,6.226
-0.181,-0.044,1.029,0.549,-5.249,0.549
-0.176,-0.004,1.014,-4.150,-5.920,-5.676
-0.137,-0.002,1.022,-5.127,-5.981,-9.766
-0.070,-0.029,1.009,-4.700,-5.310,-12.207
0.018,-0.043,0.987,-4.883,-4.028,-13.123
0.104,-0.048,0.953,-5.249,-2.625,-12.390
0.139,-0.022,0.888,-7.935,-2.991,-10.254
0.136,0.003,0.849,-11.719,-6.165,-7.751
0.079,0.040,0.809,-14.587,-12.146,-6.104
0.006,0.101,0.758,-17.578,-20.996,-5.188
-0.094,0.180,0.729,-16.907,-30.823,-3.418
-0.237,0.290,0.734,-12.268,-40.833,0.366
-0.410,0.288,0.774,-1.892,-49.866,7.690
-0.580,0.191,0.848,9.949,-57.556,15.503
-0.711,0.061,0.904,15.320,-62.378,19.348
-0.783,-0.045,0.932,13.672,-62.805,18.433
-0.765,-0.068,0.930,5.615,-57.373,12.451
-0.709,-0.025,0.873,-4.944,-47.424,3.723
-0.746,0.059,0.860,-12.817,-35.889,-4.639
-0.802,0.191,0.863,-14.893,-28.137,-10.437
-0.852,0.198,0.868,-9.888,-25.085,-11.353
-0.846,0.136,0.908,-1.038,-23.682,-8.362
-0.757,0.056,0.927,5.554,-20.630,-5.310
-0.684,0.002,0.916,9.216,-14.832,-2.747
-0.638,-0.013,0.929,10.742,-7.690,-0.305
-0.539,-0.030,0.921,12.024,-2.136,2.808
-0.455,-0.026,0.892,12.573,1.160,5.920
-0.402,0.007,0.904,12.085,2.075,8.057
-0.353,0.006,0.900,11.963,0.427,10.193
-0.379,0.008,0.909,10.742,-2.075,11.353
-0.424,0.031,0.942,9.644,-3.906,11.414
-0.419,0.007,0.974,11.047,-5.127,11.658
-0.391,-0.018,0.976,11.292,-5.066,11.780
-0.368,-0.028,0.994,10.071,-3.357,11.658
-0.379,-0.023,1.000,8.179,-2.319,11.230
-0.403,-0.000,0.991,5.920,-2.380,10.559
-0.438,0.038,0.982,5.127,-3.052,9.888
-0.463,0.062,1.001,5.981,-3.235,9.766
-0.462,0.066,1.001,9.338,-2.808,9.827
-0.456,0.054,0.986,12.817,-1.282,10.437
-0.458,0.043,1.000,16.907,1.648,11.780
-0.440,0.001,1.012,22.034,4.028,14.282
-0.393,-0.074,1.018,25.146,5.127,16.602
-0.371,-0.128,1.017,24.414,5.493,16.907
-0.342,-0.138,1.016,21.240,6.287,14.587
-0.336,-0.139,1.007,14.343,6.042,10.864
-0.346,-0.126,1.000,6.592,5.615,6.287
-0.342,-0.084,1.004,-0.305,4.761,1.404
-0.332,-0.050,1.001,-4.883,3.540,-2.258
-0.324,-0.024,1.000,-7.690,2.380,-4.272
-0.309,-0.016,1.015,-8.789,1.282,-5.188
-0.305,-0.025,1.013,-8.789,-0.427,-5.310
-0.335,-0.017,1.012,-9.155,-1.465,-5.127
-0.367,0.009,1.012,-8.789,-1.465,-4.639

1.210,-0.180,1.167,-29.663,39.612,-28.320
1.410,-0.190,1.000,-39.856,62.256,-34.424
1.657,-0.111,0.950,-42.053,91.309,-38.086
1.864,-0.224,0.767,-42.664,113.708,-38.086
2.052,-0.228,0.655,-55.420,125.427,-40.405
2.188,-0.260,0.544,-72.754,123.901,-46.021
2.244,-0.262,0.533,-91.919,110.657,-52.673
2.172,-0.214,0.578,-110.107,84.290,-56.580
1.667,-0.043,0.603,-130.920,46.326,-52.673
0.801,0.575,0.717,-140.015,1.404,-31.860
-0.426,1.249,0.771,-116.333,-48.218,22.400
-1.502,1.513,0.947,-48.340,-98.206,111.145
-2.065,1.211,1.195,48.950,-144.165,204.956
-2.223,0.478,1.336,134.155,-178.040,265.747
-2.153,-0.185,1.334,167.603,-185.791,270.447
-1.966,-0.498,1.294,148.437,-165.100,222.900
-1.763,-0.519,1.098,91.003,-121.826,145.935
-1.714,-0.490,1.039,20.325,-68.054,62.683
-1.421,-0.256,0.955,-21.729,-18.860,-16.541
-1.271,-0.081,0.899,-49.500,13.184,-72.998
-1.069,0.088,0.887,-60.974,27.222,-101.624
-0.811,0.231,0.892,-53.833,26.428,-106.079
-0.673,0.341,0.873,-42.297,17.883,-88.196
-0.599,0.413,0.836,-24.597,8.240,-54.504
-0.498,0.375,0.802,-1.160,1.221,-14.160
-0.342,0.244,0.770,21.240,-1.160,22.888
-0.185,0.050,0.797,35.034,0.366,47.852
-0.056,-0.028,0.825,34.302,0.977,54.016
0.025,-0.033,0.810,23.315,-1.282,44.495
0.041,-0.019,0.809,10.010,-6.165,26.733
0.037,0.064,0.824,-2.075,-13.367,6.653
0.036,0.142,0.814,-8.606,-20.935,-8.179
-0.008,0.211,0.833,-8.850,-25.452,-14.343
-0.068,0.220,0.864,-3.357,-27.344,-13.367
-0.145,0.147,0.925,3.967,-27.039,-7.935
-0.191,0.028,0.986,9.644,-25.452,-3.235
-0.176,-0.075,1.032,9.033,-23.804,-2.869
-0.150,-0.122,1.018,0.427,-21.851,-8.057
-0.162,-0.079,1.018,-11.292,-19.226,-16.724
-0.187,-0.001,1.001,-20.203,-17.639,-23.499
-0.209,0.085,0.991,-24.048,-17.517,-24.841
-0.214,0.149,1.001,-20.813,-18.982,-20.203
-0.204,0.165,1.014,-13.306,-21.667,-11.414
-0.237,0.142,1.009,-5.554,-24.231,-1.770
-0.275,0.076,1.012,0.671,-24.170,6.897
-0.259,0.018,1.009,3.296,-22.156,11.597
-0.218,-0.016,0.993,2.625,-18.982,11.414
-0.197,-0.028,0.991,-0.122,-15.991,8.240
-0.172,-0.033,0.997,-3.418,-15.137,4.333
-0.160,-0.027,0.977,-7.202,-16.113,0.854
-0.176,-0.031,0.984,-10.986,-18.677,-1.587
-0.212,-0.014,0.990,-14.587,-22.400,-4.028
-0.258,0.015,0.997,-18.066,-25.635,-7.141
-0.297,0.055,1.000,-20.508,-26.978,-9.949
-0.321,0.143,1.000,-20.386,-25.452,-11.230
-0.303,0.189,0.988,-15.198,-21.362,-8.484
-0.246,0.194,1.020,-5.737,-16.968,-1.587
-0.184,0.159,1.000,3.357,-14.954,7.385
-0.152,0.132,0.993,10.742,-14.954,15.503
-0.155,0.077,1.000,16.296,-16.235,22.217
-0.192,0.001,1.001,16.968,-18.250,25.208
-0.253,-0.043,1.022,10.864,-19.409,22.400
-0.298,-0.042,1.046,2.380,-19.714,14.282
-0.324,0.003,1.050,-5.920,-19.104,3.784
-0.334,0.071,1.055,-12.695,-16.907,-4.333
-0.331,0.134,1.051,-15.320,-14.404,-7.812
-0.338,0.161,1.067,-13.611,-12.329,-6.226
-0.298,0.143,1.068,-9.216,-10.925,-1.343
-0.229,0.111,1.035,-5.066,-9.949,5.005
-0.206,0.054,1.036,-3.113,-8.301,8.667
-0.186,0.014,1.025,-5.127,-7.141,6.775
-0.175,0.028,1.000,-10.132,-6.531,-0.305
-0.204,0.069,0.985,-14.771,-5.920,-8.240
-0.245,0.109,0.974,-16.418,-5.676,-13.855
-0.274,0.130,0.985,-14.771,-5.798,-14.648
-0.270,0.124,0.996,-10.132,-6.042,-11.292
-0.246,0.122,0.988,-5.676,-5.981,-5.798
-0.249,0.098,0.970,-2.136,-4.028,0.732
-0.278,0.078,0.992,1.038,-1.770,7.629
-0.258,0.053,0.994,2.258,-0.854,13.000
-0.255,0.073,0.953,-0.977,-1.343,16.357
-0.264,0.127,0.939,-3.845,-2.197,17.578
-0.242,0.157,0.922,-3.967,-3.418,17.090
-0.218,0.138,0.894,-3.174,-4.578,14.954
-0.204,0.145,0.921,-3.479,-5.371,10.986
-0.182,0.140,0.929,-4.761,-7.263,6.531
-0.202,0.143,0.914,-6.409,-10.010,2.502
-0.257,0.163,0.918,-7.751,-12.512,0.183
-0.314,0.207,0.898,-6.897,-14.160,-0.244
-0.378,0.243,0.907,-3.113,-14.648,2.075
-0.396,0.243,0.926,2.991,-14.404,6.226
-0.374,0.213,0.902,8.728,-13.733,10.010
-0.393,0.177,0.884,12.939,-11.169,11.414
-0.422,0.091,0.944,15.015,-8.484,10.193
-0.391,0.018,0.943,12.878,-7.568,5.066
-0.380,-0.002,0.926,4.822,-6.897,-2.441
-0.393,0.003,0.925,-3.662,-6.348,-9.338
-0.411,0.025,0.916,-10.620,-6.348,-15.198
-0.420,0.081,0.876,-16.235,-7.263,-19.409
-0.416,0.134,0.876,-17.090,-7.141,-20.020
-0.422,0.135,0.874,-13.306,-6.531,-17.212
-0.436,0.134,0.885,-9.460,-6.409,-12.878
-0.457,0.105,0.895,-6.287,-6.958,-7.568
-0.466,0.087,0.922,-4.028,-8.179,-2.502
-0.464,0.079,0.930,-3.113,-9.888,2.319
-0.472,0.094,0.931,-3.235,-9.949,6.226
-0.452,0.105,0.933,-2.808,-8.179,8.118
-0.413,0.108,0.913,-2.686,-5.493,8.057
-0.403,0.119,0.910,-3.357,-3.113,5.188
-0.408,0.126,0.911,-4.517,-2.686,0.916
-0.411,0.127,0.900,-5.249,-3.845,-2.869
-0.409,0.125,0.899,-5.188,-5.066,-4.822
-0.401,0.133,0.917,-3.723,-5.737,-4.883
-0.402,0.149,0.948,-1.099,-6.287,-2.075
-0.398,0.155,0.974,2.930,-7.141,3.296
-0.379,0.149,1.004,7.812,-7.202,10.010
-0.356,0.131,1.027,12.085,-7.019,16.296
-0.331,0.095,1.047,14.038,-6.226,20.691
-0.314,0.067,1.052,13.428,-5.615,21.912
