aX,aY,aZ,gX,gY,gZ
0.545,0.429,1.862,-4.822,67.505,119.324
0.658,0.500,1.826,16.724,74.585,134.766
0.740,0.469,1.691,41.992,78.064,147.217
0.820,0.369,1.476,64.880,81.299,153.687
0.930,0.278,1.211,77.637,87.891,152.405
1.059,0.169,0.995,79.407,100.159,144.287
1.196,0.096,0.827,73.303,116.455,131.104
1.313,0.087,0.700,66.406,133.057,113.892
1.422,0.054,0.615,64.819,146.667,94.299
1.496,0.042,0.557,65.735,152.893,72.754
1.524,0.025,0.496,68.909,149.170,49.194
1.494,-0.026,0.416,68.970,135.376,24.414
1.407,-0.049,0.325,60.364,113.770,-2.563
1.310,-0.066,0.259,46.570,86.975,-31.616
1.170,-0.026,0.175,29.419,57.678,-60.852
1.010,0.024,0.069,13.977,29.236,-86.243
0.890,0.042,0.032,4.517,5.676,-105.225
0.765,0.112,0.074,-7.751,-14.709,-116.516
0.645,0.226,0.154,-19.043,-35.706,-119.873
0.546,0.299,0.241,-21.729,-58.716,-116.028
0.445,0.331,0.284,-22.400,-83.130,-107.117
0.327,0.290,0.266,-19.592,-106.506,-97.107
0.197,0.226,0.185,-14.343,-125.000,-89.844
0.068,0.144,0.100,-10.437,-134.460,-87.585
-0.042,0.045,0.066,-9.460,-134.644,-91.064
-0.131,-0.010,0.084,-10.986,-129.211,-99.976
-0.211,-0.014,0.086,-10.742,-121.887,-111.816
-0.302,0.005,0.106,-6.531,-114.929,-123.718
-0.454,0.071,0.195,-3.235,-110.168,-132.507
-0.615,0.165,0.274,-2.869,-111.267,-138.184
-0.670,0.164,0.288,-4.333,-118.652,-140.320
-0.714,0.216,0.374,-30.029,-128.906,-138.611
-0.809,0.217,0.451,-61.340,-138.123,-133.606
-0.969,0.142,0.470,-76.660,-143.127,-129.456
-1.125,0.015,0.518,-84.595,-138.367,-130.188
-1.260,-0.057,0.557,-90.454,-124.878,-136.475
-1.267,-0.069,0.649,-90.393,-105.225,-144.470
-1.270,0.000,0.893,-86.792,-83.069,-148.254
-1.231,0.119,1.148,-81.482,-64.819,-143.494
-1.187,0.203,1.268,-64.514,-57.983,-128.479
-1.146,0.227,1.343,-47.363,-57.312,-105.103
-1.090,0.233,1.408,-35.889,-59.998,-77.087
-1.022,0.205,1.415,-25.452,-65.125,-48.462
-0.957,0.131,1.392,-15.320,-69.580,-23.804
-0.895,0.082,1.362,-9.888,-71.289,-5.493
-0.831,0.037,1.337,-6.409,-69.519,6.287
-0.771,-0.007,1.326,-1.831,-64.270,13.184
-0.730,-0.032,1.301,3.845,-56.946,15.869
-0.686,-0.056,1.249,10.864,-47.974,15.625
-0.647,-0.094,1.193,16.968,-36.987,13.306
-0.618,-0.117,1.150,18.921,-25.208,9.094
-0.588,-0.140,1.126,18.738,-13.672,3.174
-0.562,-0.146,1.114,17.273,-3.967,-3.601
-0.533,-0.139,1.100,15.503,3.113,-10.681
-0.507,-0.143,1.080,14.404,7.996,-17.090
-0.488,-0.135,1.057,12.207,11.169,-21.912
-0.470,-0.124,1.041,8.240,12.634,-24.109
-0.448,-0.120,1.040,2.930,13.000,-23.682
-0.433,-0.108,1.042,-2.563,12.146,-20.996
-0.411,-0.083,1.059,-7.629,10.315,-16.357
-0.382,-0.042,1.076,-10.864,7.935,-10.132
-0.349,-0.035,1.082,-10.010,4.944,-3.052
-0.327,-0.038,1.084,-8.057,1.343,3.540
-0.312,-0.044,1.081,-6.836,-1.831,8.850
-0.295,-0.041,1.063,-5.981,-4.761,12.207
-0.275,-0.054,1.040,-5.676,-6.836,13.733
-0.270,-0.066,1.020,-5.737,-7.202,13.977
-0.262,-0.068,1.001,-5.859,-5.981,12.756
-0.255,-0.079,1.001,-5.005,-3.601,10.864
-0.263,-0.068,0.999,-3.784,-0.549,8.789
-0.261,-0.063,0.983,-1.709,2.441,6.714
-0.251,-0.071,0.976,1.038,5.920,5.188
-0.248,-0.065,0.970,3.052,8.728,3.906
-0.237,-0.058,0.957,4.211,10.376,3.296
-0.234,-0.067,0.941,4.822,10.437,3.418
-0.244,-0.071,0.932,3.052,9.460,3.479
-0.241,-0.072,0.933,-1.099,7.874,3.479
-0.239,-0.065,0.943,-6.409,6.042,3.479
-0.243,-0.045,0.958,-10.986,4.211,3.601
-0.240,-0.038,0.971,-12.329,2.441,4.272
-0.237,-0.048,0.974,-11.230,0.732,4.883
-0.235,-0.046,0.977,-8.484,-0.366,5.188
-0.237,-0.037,0.984,-5.615,-1.526,5.188
-0.242,-0.017,0.988,-3.967,-2.502,5.432
-0.248,-0.008,0.985,-2.502,-3.052,6.165
-0.256,-0.024,0.975,-0.244,-3.723,6.714
-0.267,-0.041,0.964,0.244,-3.784,6.226
-0.270,-0.041,0.947,-0.183,-2.625,4.761
-0.258,-0.045,0.941,0.122,-0.732,3.052
-0.254,-0.041,0.956,-0.366,1.282,2.014
-0.258,-0.026,0.984,-1.404,2.686,1.526
-0.258,-0.017,0.998,-0.793,2.441,1.465
-0.257,-0.013,0.989,0.427,1.221,1.953
-0.264,-0.012,0.980,1.160,0.122,2.869
-0.269,-0.014,0.985,0.793,-0.793,3.967
-0.272,-0.009,0.989,-0.488,-1.526,4.883
-0.269,-0.009,0.987,-0.732,-2.319,5.920
-0.265,-0.019,0.984,0.061,-3.357,6.592
-0.266,-0.018,0.978,0.549,-3.906,7.141
-0.268,-0.007,0.979,-0.061,-3.784,7.568
-0.264,-0.007,0.987,-0.549,-3.052,8.240
-0.264,-0.005,0.989,-0.488,-2.441,8.606
-0.261,-0.006,0.987,-0.427,-1.526,8.911
-0.260,-0.010,0.988,-0.366,-0.488,9.033
-0.254,-0.017,0.994,-0.122,0.122,8.728
-0.247,-0.012,0.990,0.183,0.488,8.423
-0.237,0.001,0.964,1.282,0.549,8.423
-0.226,-0.003,0.950,2.808,0.977,8.728
-0.216,-0.017,0.958,1.343,1.343,9.460
-0.207,-0.014,0.970,-3.479,0.488,9.216
-0.201,-0.021,0.976,-6.104,-1.709,8.545
-0.200,-0.032,0.970,-6.775,-4.333,7.507
-0.202,-0.025,0.964,-8.545,-6.165,6.104
-0.206,-0.029,0.975,-9.705,-6.958,5.005
-0.209,-0.030,0.981,-9.583,-7.751,3.662
-0.216,-0.019,0.972,-8.118,-8.118,2.563
-0.225,-0.015,0.956,-5.066,-7.629,1.953
-0.232,-0.022,0.954,-3.113,-6.531,1.465
-0.235,-0.022,0.960,-3.723,-5.493,1.099
0.876,0.525,1.413,-47.119,83.923,62.622

1.007,0.579,1.394,-30.457,82.642,68.237
1.116,0.569,1.344,-11.292,77.698,75.012
1.205,0.580,1.219,2.930,70.129,80.261
1.232,0.487,1.090,14.221,62.500,82.947
1.273,0.414,0.930,19.043,56.274,80.811
1.297,0.318,0.839,13.428,52.795,73.547
1.306,0.260,0.798,3.967,50.476,61.157
1.276,0.195,0.815,-0.610,45.288,43.762
1.239,0.176,0.849,2.808,34.546,22.400
1.179,0.152,0.872,12.146,17.517,-0.244
1.094,0.119,0.804,23.499,-4.456,-22.827
0.992,0.076,0.680,33.508,-26.611,-44.556
0.888,0.020,0.571,36.255,-44.189,-63.782
0.768,0.025,0.469,28.381,-55.359,-78.918
0.634,0.059,0.373,18.066,-59.021,-88.440
0.516,0.047,0.333,11.658,-55.481,-92.346
0.388,0.023,0.331,7.446,-49.011,-93.018
0.271,0.031,0.363,3.967,-42.969,-93.018
0.161,0.052,0.406,-2.075,-38.940,-91.919
0.055,0.058,0.431,-6.348,-38.086,-90.210
-0.048,0.073,0.392,-1.465,-37.598,-88.074
-0.161,0.078,0.290,12.756,-34.302,-85.693
-0.263,0.040,0.173,31.982,-27.344,-83.435
-0.345,-0.019,0.091,49.011,-18.494,-82.947
-0.444,-0.058,0.104,55.969,-12.756,-85.205
-0.567,-0.032,0.199,51.331,-15.503,-89.966
-0.676,0.028,0.303,38.574,-28.748,-94.666
-0.747,0.066,0.376,23.682,-50.964,-96.863
-0.790,0.077,0.421,7.874,-77.271,-95.642
-0.844,0.090,0.479,-12.573,-101.990,-91.248
-0.928,0.096,0.567,-34.119,-121.155,-84.290
-1.008,0.078,0.657,-47.607,-133.545,-76.660
-1.076,0.069,0.750,-52.856,-138.123,-69.885
-1.123,0.044,0.863,-53.101,-135.437,-64.636
-1.130,0.023,0.953,-44.495,-126.587,-62.256
-1.103,0.005,0.998,-27.527,-113.220,-61.218
-1.064,0.018,1.002,-8.911,-95.886,-59.937
-1.022,0.072,0.996,7.507,-76.416,-56.580
-0.960,0.086,1.001,20.447,-57.129,-50.110
-0.894,0.049,1.055,26.062,-41.565,-42.236
-0.837,0.015,1.136,22.705,-33.569,-35.950
-0.787,-0.001,1.180,16.235,-33.081,-32.410
-0.747,-0.002,1.177,12.329,-37.170,-31.067
-0.719,-0.004,1.172,9.033,-41.931,-30.762
-0.711,-0.004,1.187,5.859,-44.678,-30.884
-0.698,0.001,1.184,5.676,-46.021,-31.250
-0.683,0.001,1.164,8.118,-45.776,-31.006
-0.667,0.014,1.142,10.132,-42.786,-29.785
-0.654,0.016,1.119,11.230,-38.025,-27.222
-0.632,0.016,1.128,11.719,-32.166,-23.682
-0.603,0.016,1.141,12.756,-26.733,-20.203
-0.576,0.015,1.125,14.465,-22.949,-16.846
-0.544,0.008,1.094,15.320,-20.386,-13.733
-0.509,0.002,1.060,15.015,-17.456,-11.047
-0.478,-0.007,1.031,13.672,-14.404,-8.789
-0.448,-0.008,1.006,11.414,-11.658,-6.836
-0.417,-0.020,1.001,8.301,-8.972,-5.371
-0.396,-0.029,1.006,4.272,-6.897,-4.822
-0.382,-0.037,1.017,0.122,-6.287,-5.188
-0.369,-0.028,1.022,-4.456,-6.897,-6.348
-0.361,-0.017,1.036,-8.301,-8.240,-7.751
-0.355,-0.014,1.052,-11.169,-9.583,-8.728
-0.361,-0.005,1.070,-12.756,-10.864,-9.460
-0.360,0.004,1.087,-13.062,-11.719,-9.705
-0.358,0.006,1.085,-10.498,-12.268,-9.460
-0.359,0.006,1.049,-5.615,-11.475,-8.789
-0.360,0.005,1.002,-0.549,-9.155,-7.690
-0.350,-0.000,0.977,2.869,-4.822,-6.348
-0.339,-0.014,0.960,5.127,-0.122,-5.066
-0.332,-0.033,0.935,7.019,3.723,-4.333
-0.324,-0.058,0.917,7.202,6.897,-4.456
-0.320,-0.066,0.913,4.456,9.094,-5.127
-0.318,-0.062,0.919,0.305,9.888,-6.470
-0.309,-0.063,0.932,-3.296,9.338,-7.690
-0.312,-0.056,0.950,-6.653,7.874,-8.423
-0.313,-0.044,0.965,-10.010,5.676,-8.789
-0.308,-0.028,0.982,-11.780,3.174,-8.606
-0.305,-0.019,0.992,-11.414,1.160,-8.484
-0.302,-0.010,1.001,-10.925,-0.793,-8.057
-0.298,0.000,0.999,-9.766,-2.686,-7.263
-0.298,-0.002,0.997,-8.423,-3.845,-6.165
-0.298,-0.010,0.997,-8.240,-4.150,-5.371
-0.297,-0.000,1.009,-8.911,-4.028,-5.127
-0.297,0.022,1.027,-10.132,-3.845,-5.005
-0.292,0.043,1.046,-9.460,-3.906,-4.761
-0.286,0.047,1.050,-6.958,-3.967,-4.211
-0.279,0.049,1.036,-3.845,-3.784,-3.723
-0.277,0.052,1.017,-0.488,-2.991,-3.174
-0.271,0.043,1.009,1.770,-1.709,-2.441
-0.266,0.028,1.010,2.808,-0.305,-1.892
-0.268,0.022,1.005,2.930,-0.122,-2.075
-0.273,0.018,1.000,3.357,-0.366,-2.258
-0.280,0.015,0.994,3.601,-0.732,-2.747
-0.285,0.009,0.989,3.052,-1.221,-3.174
-0.288,0.005,0.991,1.648,-1.831,-3.479
-0.289,0.014,0.993,0.427,-2.625,-3.540
-0.295,0.012,0.987,0.549,-3.296,-3.357
-0.302,0.007,0.978,1.465,-3.357,-3.052
-0.306,0.006,0.967,2.441,-2.869,-2.686
-0.309,0.004,0.961,2.869,-1.831,-2.136
-0.308,0.005,0.947,2.441,-0.183,-1.526
-0.306,0.006,0.939,1.953,1.038,-1.282
-0.306,0.010,0.946,1.526,2.625,-0.793
-0.304,0.013,0.961,0.488,4.150,-0.305
-0.299,0.013,0.969,0.244,4.578,0.061
-0.292,0.009,0.973,1.160,3.906,0.183
-0.286,0.002,0.972,1.587,2.869,0.061
-0.284,0.007,0.967,1.526,1.160,-0.427
-0.277,-0.000,0.959,2.136,-0.427,-0.854
-0.275,-0.003,0.944,2.686,-1.831,-1.343
-0.280,-0.010,0.943,2.441,-2.808,-1.953
-0.291,-0.006,0.938,1.343,-3.418,-2.502
-0.296,-0.004,0.929,1.099,-3.723,-2.991
-0.315,-0.107,0.929,1.282,-3.784,-3.845
-0.301,0.022,0.903,1.221,-3.235,-8.240
-0.268,0.002,0.923,-2.686,-1.831,-11.536
-0.261,0.002,0.939,-2.869,-0.854,-13.062
-0.268,0.028,0.945,-3.784,-0.366,-13.672
0.437,0.510,1.635,16.724,74.829,91.064
0.606,0.484,1.487,27.588,94.666,92.224
0.788,0.437,1.336,31.433,111.206,87.646

0.967,0.355,1.134,34.790,123.413,77.393
1.136,0.255,0.912,38.696,133.362,61.279
1.268,0.204,0.750,35.767,141.602,39.490
1.366,0.224,0.626,25.696,145.264,14.038
1.446,0.262,0.561,14.404,143.066,-12.451
1.480,0.303,0.541,0.977,132.874,-38.696
1.448,0.311,0.564,-11.230,115.112,-63.354
1.350,0.296,0.573,-18.677,90.271,-86.853
1.218,0.272,0.494,-16.907,61.829,-108.765
1.084,0.225,0.355,-7.202,35.522,-127.319
0.962,0.184,0.231,0.549,16.541,-140.930
0.868,0.218,0.200,0.061,2.930,-148.560
0.769,0.283,0.223,-4.150,-9.827,-149.414
0.616,0.326,0.223,-3.906,-25.085,-143.555
0.410,0.294,0.162,-1.160,-41.870,-133.545
0.199,0.209,0.099,-3.235,-57.922,-124.023
-0.032,0.125,0.076,-15.991,-70.740,-116.821
-0.263,0.113,0.093,-35.339,-78.979,-112.793
-0.459,0.151,0.109,-50.171,-81.604,-108.826
-0.638,0.272,0.153,-54.077,-77.271,-101.868
-0.797,0.474,0.220,-47.974,-68.604,-90.210
-0.913,0.534,0.462,-33.264,-61.218,-74.402
-1.017,0.461,0.768,-23.315,-65.674,-60.486
-1.157,0.319,0.821,-11.719,-87.158,-55.969
-1.349,0.105,0.648,-0.793,-114.502,-62.134
-1.525,-0.077,0.529,-10.498,-131.897,-77.698
-1.624,-0.178,0.581,-39.795,-135.681,-97.961
-1.631,-0.197,0.786,-68.604,-129.517,-117.004
-1.600,-0.089,1.014,-87.036,-118.042,-128.113
-1.555,0.059,1.154,-88.135,-103.271,-126.526
-1.481,0.170,1.243,-72.632,-82.825,-110.962
-1.359,0.262,1.326,-49.927,-58.472,-84.412
-1.214,0.298,1.385,-25.330,-36.377,-51.086
-1.068,0.255,1.380,-2.197,-20.020,-17.700
-0.928,0.189,1.321,14.160,-11.169,8.484
-0.790,0.131,1.274,20.569,-7.874,25.513
-0.668,0.081,1.248,19.409,-9.460,33.142
-0.569,0.054,1.242,14.526,-14.099,33.630
-0.497,0.047,1.236,8.911,-21.484,29.053
-0.464,0.069,1.213,7.263,-28.442,21.790
-0.439,0.047,1.177,7.690,-32.715,14.099
-0.424,0.073,1.157,8.728,-33.081,6.714
-0.408,0.082,1.134,12.146,-30.945,-0.732
-0.400,0.096,1.103,17.090,-26.794,-6.226
-0.401,0.105,1.080,20.630,-21.362,-10.376
-0.400,0.096,1.048,21.973,-15.503,-12.390
-0.393,0.083,1.015,21.667,-9.888,-12.634
-0.382,0.056,0.983,20.142,-5.188,-12.268
-0.357,0.037,0.958,16.479,-0.488,-12.207
-0.331,0.036,0.948,10.498,2.747,-12.634
-0.304,0.044,0.960,4.028,4.822,-12.573
-0.281,0.054,0.990,-1.892,5.371,-11.536
-0.269,0.064,1.013,-6.836,3.662,-9.583
-0.260,0.066,1.030,-9.888,0.671,-7.141
-0.254,0.074,1.053,-11.780,-2.686,-4.883
-0.242,0.080,1.061,-10.986,-6.287,-3.418
-0.230,0.086,1.059,-8.179,-9.216,-2.014
-0.229,0.077,1.036,-3.479,-10.559,-0.488
-0.221,0.052,1.003,1.160,-10.681,0.427
-0.210,0.035,0.987,2.930,-9.216,0.183
-0.204,0.027,0.968,3.174,-7.019,-0.793
-0.200,0.029,0.956,2.686,-4.944,-2.380
-0.195,0.031,0.956,2.014,-2.808,-3.540
-0.197,0.034,0.968,1.038,-1.160,-3.967
-0.199,0.033,0.975,0.549,-0.793,-4.150
-0.203,0.029,0.974,0.793,-1.404,-4.150
-0.207,0.024,0.969,0.000,-2.441,-4.150
-0.210,0.021,0.973,-1.526,-4.578,-4.211
-0.218,0.024,0.981,-3.784,-6.226,-4.272
-0.228,0.035,0.992,-5.859,-7.751,-4.333
-0.241,0.034,0.995,-7.202,-8.728,-4.150
-0.247,0.037,1.006,-8.179,-8.911,-3.967
-0.250,0.045,1.017,-8.545,-8.423,-3.784
-0.256,0.059,1.018,-7.996,-8.057,-3.479
-0.253,0.059,1.010,-5.737,-7.385,-2.869
-0.251,0.056,1.001,-3.418,-6.226,-2.075
-0.251,0.060,1.001,-3.113,-4.822,-1.343
-0.247,0.069,1.010,-3.662,-3.479,-0.549
-0.241,0.077,1.021,-4.089,-2.380,0.244
-0.238,0.078,1.030,-4.028,-2.014,0.916
-0.237,0.084,1.029,-3.174,-1.953,1.099
-0.233,0.085,1.021,-0.427,-2.075,1.526
-0.229,0.083,1.013,2.441,-2.075,1.892
-0.222,0.084,1.005,4.028,-1.587,2.319
-0.221,0.090,1.003,4.639,-1.526,3.052
-0.219,0.087,1.001,5.981,-2.075,3.845
-0.215,0.076,0.985,7.812,-2.502,4.211
-0.215,0.066,0.969,9.521,-2.869,4.333
-0.216,0.053,0.955,10.559,-2.869,4.028
-0.220,0.050,0.943,10.071,-2.625,3.418
-0.225,0.050,0.943,8.789,-2.747,2.625
-0.228,0.057,0.942,6.897,-3.540,2.014
-0.233,0.054,0.944,5.371,-4.700,1.770
-0.239,0.055,0.943,3.845,-5.676,1.587
-0.246,0.059,0.945,2.075,-6.531,1.770
-0.249,0.065,0.945,0.732,-7.080,2.380
-0.245,0.069,0.943,-0.427,-7.751,3.357
-0.238,0.068,0.948,-1.404,-8.057,4.395
-0.240,0.067,0.948,-2.075,-8.362,5.310
-0.244,0.068,0.945,-2.869,-8.667,5.859
-0.241,0.071,0.951,-4.150,-8.301,6.226
-0.236,0.071,0.960,-5.676,-8.057,6.042
-0.237,0.072,0.972,-7.019,-7.996,5.493
-0.249,0.071,0.981,-7.568,-8.301,4.395
-0.261,0.071,0.989,-7.446,-8.667,2.869
-0.272,0.079,0.989,-6.592,-8.911,0.977
-0.281,0.080,0.983,-3.906,-9.155,-0.793
-0.293,0.066,0.977,-0.488,-8.728,-2.075
-0.310,0.062,0.970,1.587,-7.812,-3.357
-0.317,0.061,0.960,3.113,-6.409,-3.967
-0.310,0.064,0.937,4.333,-4.944,-3.845
-0.294,0.073,0.923,4.578,-3.052,-2.686
-0.282,0.078,0.934,1.831,-1.099,-0.244
-0.271,0.083,0.961,-2.319,0.366,2.869
-0.263,0.089,0.984,-5.188,-0.427,5.798
-0.260,0.088,1.000,-6.409,-2.075,8.240
-1.629,0.161,0.926,-68.237,-113.892,-79.712
-1.592,0.157,1.066,-61.157,-92.407,-75.623
-1.523,0.177,1.175,-47.058,-69.519,-68.604
-1.432,0.193,1.222,-28.076,-49.438,-58.044

-1.333,0.195,1.212,-8.362,-32.715,-44.495
-1.225,0.196,1.187,5.920,-20.203,-29.114
-1.103,0.200,1.176,12.085,-12.573,-13.000
-0.975,0.200,1.159,12.085,-10.620,1.709
-0.857,0.182,1.146,7.629,-12.085,14.160
-0.755,0.165,1.136,1.099,-15.381,22.949
-0.671,0.143,1.138,-4.150,-18.982,27.161
-0.623,0.146,1.120,-7.202,-20.996,27.039
-0.604,0.171,1.122,-6.714,-21.118,24.719
-0.548,0.139,1.090,-2.502,-19.104,23.437
-0.505,0.142,1.069,0.610,-14.526,21.667
-0.475,0.134,1.043,5.920,-9.094,16.968
-0.444,0.119,1.011,12.085,-3.479,10.437
-0.425,0.109,0.973,15.076,1.099,2.991
-0.406,0.092,0.961,15.015,4.578,-3.296
-0.391,0.084,0.943,13.977,6.531,-6.897
-0.387,0.080,0.940,11.169,6.775,-8.667
-0.386,0.093,0.926,6.836,5.615,-8.362
-0.383,0.090,0.947,0.916,3.845,-7.446
-0.374,0.112,0.979,-3.967,1.160,-5.859
-0.373,0.125,1.004,-6.653,-3.235,-3.540
-0.370,0.129,1.012,-8.240,-7.935,0.366
-0.372,0.151,1.007,-8.667,-11.719,4.578
-0.351,0.125,1.020,-8.484,-13.184,9.033
-0.347,0.126,1.022,-6.958,-13.489,11.719
-0.335,0.106,1.019,-3.967,-12.390,12.451
-0.330,0.114,1.021,-0.488,-10.498,11.108
-0.330,0.120,1.018,2.930,-7.751,8.789
-0.338,0.108,0.998,7.751,-4.822,6.531
-0.346,0.086,0.961,13.794,-1.465,3.845
-0.356,0.078,0.931,18.311,2.258,0.977
-0.364,0.078,0.915,20.630,5.432,-1.892
-0.365,0.075,0.889,22.034,7.080,-3.601
-0.364,0.068,0.866,22.522,7.751,-3.906
-0.360,0.063,0.852,19.714,6.958,-3.357
-0.359,0.068,0.852,14.282,4.883,-1.892
-0.353,0.065,0.865,8.301,2.075,-0.183
-0.352,0.072,0.883,3.113,-1.221,1.526
-0.360,0.076,0.902,-1.282,-5.127,2.808
-0.369,0.083,0.928,-4.700,-8.362,3.906
-0.371,0.084,0.949,-7.019,-10.803,4.578
-0.372,0.085,0.964,-7.996,-12.268,4.944
-0.381,0.092,0.970,-6.653,-12.573,4.944
-0.390,0.098,0.973,-4.456,-11.475,5.188
-0.387,0.101,0.977,-2.991,-9.583,5.615
-0.384,0.108,0.992,-2.319,-6.958,6.653
-0.383,0.113,1.005,-1.465,-4.761,8.057
-0.384,0.116,1.005,0.122,-2.747,9.705
-0.380,0.111,1.000,2.197,-0.977,11.536
-0.371,0.099,0.995,4.395,0.610,13.123
-0.364,0.092,0.985,5.554,2.075,14.282
-0.358,0.081,0.969,6.531,3.662,15.137
-0.347,0.068,0.961,6.348,4.822,15.625
-0.334,0.065,0.970,4.333,5.737,15.625
-0.325,0.062,0.981,2.197,6.104,15.503
-0.322,0.056,0.979,1.038,4.822,14.832
-0.331,0.053,0.971,-0.366,3.662,13.733
-0.346,0.055,0.966,-2.625,3.174,12.573
-0.358,0.053,0.975,-5.066,3.296,11.108
-0.366,0.059,0.986,-6.287,3.906,10.376
-0.368,0.072,0.999,-6.348,5.554,10.437
-0.364,0.080,1.010,-5.127,7.080,11.414
-0.354,0.082,1.014,-2.197,8.911,13.367
-0.343,0.070,1.008,2.136,10.376,15.686
-0.330,0.056,0.990,6.042,11.780,17.578
-0.318,0.046,0.974,8.240,13.123,18.921
-0.300,0.048,0.969,8.179,13.916,20.203
-0.284,0.049,0.966,7.141,13.550,21.057
-0.274,0.039,0.956,5.920,12.634,21.851
-0.276,0.037,0.955,2.869,11.658,22.034
-0.280,0.043,0.972,-1.526,10.864,21.606
-0.277,0.049,0.999,-5.188,9.460,20.996
-0.274,0.056,1.012,-6.714,7.996,20.264
-0.277,0.057,1.007,-5.249,6.348,19.531
-0.277,0.050,0.997,-2.747,6.226,18.799
-0.274,0.051,0.988,-0.671,7.080,18.311
-0.268,0.055,0.981,1.038,8.789,18.066
-0.263,0.052,0.971,2.686,10.559,18.188
-0.260,0.053,0.961,3.906,12.329,18.677
-0.249,0.055,0.966,3.418,13.733,19.531
-0.243,0.058,0.977,1.770,14.404,20.630
-0.250,0.054,0.982,0.488,13.550,21.484
-0.255,0.047,0.974,-0.549,12.573,21.790
-0.264,0.045,0.969,-2.380,11.841,21.362
-0.270,0.053,0.979,-4.150,11.902,20.569
-0.276,0.063,0.993,-5.371,11.719,19.836
-0.275,0.068,1.000,-5.066,11.780,19.836
-0.271,0.071,1.000,-3.418,12.085,20.325
-0.264,0.075,0.994,-1.221,12.451,21.362
-0.251,0.079,0.988,0.854,13.428,22.705
-0.236,0.074,0.976,2.747,14.343,24.780
-0.219,0.064,0.958,4.333,14.832,26.306
-0.208,0.051,0.937,4.578,15.320,27.527
-0.197,0.036,0.918,3.357,16.174,27.710
-0.187,0.025,0.903,0.610,16.968,26.917
-0.173,0.022,0.905,-3.540,18.372,24.963
-0.173,0.031,0.924,-7.690,19.043,22.461
-0.179,0.041,0.948,-9.705,18.921,19.958
-0.182,0.058,0.971,-9.949,18.005,17.944
-0.180,0.077,0.992,-9.094,16.296,16.785
-0.183,0.086,1.003,-6.775,13.428,16.846
-0.183,0.081,0.995,-3.357,10.681,17.883
-0.183,0.069,0.972,0.305,7.629,18.982
-0.177,0.059,0.951,1.465,5.798,19.958
-0.167,0.059,0.947,-0.122,4.639,20.813
-0.159,0.053,0.951,-2.136,3.845,21.362
-0.159,0.051,0.951,-3.479,3.113,21.851
-0.163,0.053,0.953,-4.456,2.869,21.790
-0.163,0.055,0.966,-5.737,2.319,21.362
-0.164,0.068,0.985,-7.019,2.014,21.057
-0.166,0.078,1.001,-7.263,1.221,20.691
-0.165,0.085,1.006,-6.470,0.061,20.874
-0.166,0.083,1.000,-5.127,-1.221,21.057
-0.169,0.082,0.991,-4.211,-1.770,21.057
-0.168,0.078,0.982,-4.272,-1.709,20.874
1.105,0.567,1.198,-19.714,44.495,29.602
1.260,0.605,1.191,-19.165,45.837,35.156
1.390,0.622,1.157,-14.954,45.105,38.757
1.481,0.598,1.095,-7.202,42.969,38.696
1.512,0.502,1.015,1.526,39.246,33.020

1.500,0.374,0.938,6.897,34.912,19.409
1.454,0.254,0.868,7.751,29.907,-3.052
1.393,0.163,0.810,6.165,24.719,-33.020
1.334,0.115,0.744,4.211,19.897,-68.054
1.259,0.107,0.669,4.761,16.235,-103.027
1.137,0.139,0.578,9.705,14.587,-133.179
1.017,0.141,0.495,16.724,15.076,-155.090
0.913,0.133,0.456,21.240,16.357,-168.091
0.796,0.200,0.442,22.827,14.832,-172.668
0.723,0.330,0.465,23.926,8.301,-168.579
0.660,0.459,0.528,24.719,-5.127,-155.518
0.545,0.481,0.504,28.625,-27.283,-136.536
0.341,0.412,0.316,40.283,-55.237,-118.286
0.055,0.275,0.013,45.837,-80.261,-106.995
-0.262,0.118,-0.184,32.776,-94.543,-105.347
-0.572,0.027,-0.181,2.441,-98.206,-113.220
-0.853,0.045,0.021,-30.396,-98.694,-127.319
-1.096,0.137,0.329,-51.331,-102.905,-142.334
-1.297,0.230,0.593,-51.025,-114.441,-153.320
-1.460,0.308,0.710,-31.128,-130.737,-158.386
-1.622,0.306,0.657,-4.761,-145.874,-157.288
-1.781,0.201,0.532,18.982,-152.710,-152.832
-1.911,0.103,0.466,25.635,-149.231,-148.682
-1.955,0.084,0.491,10.681,-137.878,-143.433
-1.922,0.117,0.569,-11.108,-122.559,-132.690
-1.837,0.178,0.719,-32.288,-105.164,-115.540
-1.730,0.269,0.917,-46.204,-88.684,-92.529
-1.612,0.318,1.076,-47.791,-75.623,-65.552
-1.473,0.295,1.150,-36.316,-66.956,-38.513
-1.351,0.252,1.153,-20.325,-60.364,-15.381
-1.238,0.191,1.091,-5.493,-54.871,1.099
-1.125,0.153,1.034,4.578,-48.950,11.292
-1.010,0.162,1.017,6.592,-42.603,16.968
-0.903,0.182,1.013,4.822,-37.537,20.630
-0.826,0.210,1.003,1.343,-34.241,23.743
-0.772,0.239,1.025,-3.296,-31.677,25.940
-0.707,0.242,1.061,-7.874,-29.480,27.832
-0.654,0.246,1.088,-10.132,-28.259,28.503
-0.607,0.234,1.075,-9.338,-27.710,27.039
-0.566,0.230,1.065,-6.287,-26.123,23.010
-0.537,0.224,1.037,-2.197,-23.315,16.968
-0.520,0.211,0.993,3.418,-19.043,10.071
-0.501,0.195,0.949,8.484,-13.062,3.601
-0.486,0.181,0.921,11.536,-6.470,-1.648
-0.477,0.172,0.907,12.817,-0.671,-4.639
-0.464,0.183,0.917,12.634,2.686,-5.676
-0.439,0.182,0.923,12.024,3.113,-4.883
-0.417,0.166,0.907,11.841,0.549,-2.869
-0.407,0.139,0.881,10.681,-3.601,0.122
-0.400,0.122,0.873,5.066,-8.118,2.625
-0.402,0.116,0.897,-2.991,-12.207,4.333
-0.414,0.119,0.939,-11.414,-16.785,5.432
-0.422,0.123,0.992,-19.104,-20.691,6.226
-0.428,0.130,1.035,-23.682,-23.621,6.714
-0.434,0.134,1.072,-24.109,-24.780,7.324
-0.443,0.130,1.094,-20.874,-23.437,7.812
-0.451,0.122,1.090,-15.137,-19.775,8.240
-0.463,0.118,1.088,-8.606,-15.137,8.057
-0.465,0.113,1.093,-2.747,-9.155,7.690
-0.465,0.114,1.094,2.319,-3.967,7.141
-0.467,0.106,1.084,6.348,0.000,6.653
-0.471,0.094,1.074,9.277,2.747,6.104
-0.469,0.083,1.054,10.559,4.822,5.432
-0.469,0.067,1.034,10.864,6.104,4.761
-0.470,0.059,1.011,10.193,7.935,4.822
-0.467,0.057,0.999,9.338,10.132,5.005
-0.465,0.066,0.982,9.033,12.207,5.676
-0.455,0.076,0.976,8.667,14.709,7.263
-0.439,0.076,0.993,8.484,16.235,9.338
-0.425,0.072,0.987,8.728,15.442,11.169
-0.410,0.071,0.965,8.423,13.794,12.695
-0.394,0.070,0.949,6.409,11.841,13.794
-0.374,0.071,0.951,3.601,10.498,14.526
-0.358,0.070,0.958,0.793,9.521,15.198
-0.346,0.074,0.962,-1.404,8.606,15.625
-0.337,0.073,0.961,-1.770,7.629,15.442
-0.331,0.074,0.960,-1.160,7.507,15.259
-0.332,0.075,0.958,-0.610,7.812,15.198
-0.329,0.068,0.954,-0.549,8.179,15.137
-0.323,0.071,0.957,-1.770,8.972,14.893
-0.316,0.083,0.974,-3.662,9.644,14.832
-0.311,0.090,0.996,-4.883,9.399,14.893
-0.309,0.089,1.009,-5.554,8.545,15.198
-0.320,0.080,0.996,-5.127,7.202,15.137
-0.321,0.072,0.993,-4.944,6.836,14.893
-0.317,0.081,0.990,-5.066,7.629,14.465
-0.319,0.079,0.995,-5.005,8.789,13.184
-0.320,0.072,0.997,-3.113,10.498,11.536
-0.321,0.063,0.989,-0.488,11.780,9.460
-0.321,0.055,0.977,1.953,13.123,7.874
-0.323,0.052,0.965,2.991,14.465,6.836
-0.321,0.049,0.964,2.319,15.686,6.897
-0.324,0.054,0.964,0.488,16.235,7.385
-0.322,0.069,0.971,-1.953,16.235,8.484
-0.317,0.083,0.982,-3.662,16.052,10.254
-0.313,0.086,0.990,-4.395,15.747,12.268
-0.306,0.082,0.995,-4.700,15.137,13.733
-0.296,0.079,0.981,-3.723,15.198,14.465
-0.290,0.063,0.963,-2.136,14.587,14.099
-0.289,0.035,0.939,-0.366,15.320,12.939
-0.292,0.011,0.915,0.854,17.029,10.498
-0.296,0.000,0.903,1.160,19.470,7.019
-0.298,0.003,0.911,0.183,21.729,3.601
-0.298,0.020,0.928,-1.892,23.376,1.343
-0.295,0.041,0.946,-3.662,22.949,0.488
-0.289,0.073,0.959,-5.127,21.362,1.465
-0.273,0.097,0.966,-6.897,19.165,4.272
-0.262,0.114,0.971,-7.996,16.602,8.423
-0.253,0.118,0.970,-8.484,14.465,13.489
-0.241,0.106,0.971,-8.545,13.000,18.005
-0.228,0.098,0.969,-8.301,11.902,21.790
-0.219,0.096,0.974,-8.301,11.353,24.536
-0.213,0.094,0.980,-8.118,11.353,26.306
-0.201,0.088,0.983,-7.385,11.353,26.855
0.863,0.657,1.707,-39.917,35.034,14.038
1.105,0.872,2.002,-68.115,36.255,17.883
1.328,1.065,2.243,-82.886,34.119,26.184
1.537,1.153,2.261,-71.045,32.104,36.621
1.741,1.114,1.940,-32.715,38.391,45.898
1.889,0.978,1.383,15.076,61.890,48.706

2.015,0.769,0.858,44.983,105.530,39.917
2.200,0.651,0.487,48.035,160.950,16.846
2.462,0.687,0.261,35.339,215.820,-16.296
2.686,0.769,0.119,23.560,258.057,-51.880
2.741,0.776,0.043,20.996,280.884,-83.984
2.614,0.786,-0.002,28.809,278.198,-113.892
2.325,0.805,-0.046,54.443,247.620,-142.700
1.895,0.651,-0.154,93.689,188.171,-168.701
1.375,0.467,-0.330,124.023,104.492,-194.336
0.803,0.304,-0.491,124.084,7.751,-220.764
0.213,0.094,-0.617,80.872,-90.332,-244.324
-0.455,0.333,-0.418,-7.568,-179.687,-259.277
-0.863,0.148,-0.245,-97.839,-252.197,-256.165
-1.391,0.338,-0.059,-172.363,-296.265,-239.563
-2.030,0.276,-0.021,-179.016,-299.988,-211.731
-2.441,0.307,0.078,-145.203,-258.667,-183.472
-2.494,0.303,0.389,-99.670,-187.134,-155.334
-2.472,0.289,0.686,-36.072,-115.234,-127.991
-2.519,0.255,0.873,23.132,-65.369,-102.844
-2.477,0.226,0.989,51.270,-45.715,-83.191
-2.304,0.184,0.999,45.837,-54.199,-69.641
-2.139,0.123,0.974,20.996,-78.613,-60.791
-2.015,0.044,0.984,-10.254,-105.774,-56.213
-1.874,-0.042,1.033,-37.720,-126.709,-55.176
-1.733,-0.048,1.102,-53.711,-136.047,-54.810
-1.618,-0.029,1.142,-53.406,-132.385,-50.049
-1.514,0.005,1.130,-37.170,-116.333,-38.940
-1.379,0.045,1.118,-16.785,-91.309,-22.827
-1.238,0.110,1.095,2.258,-64.941,-4.150
-1.069,0.123,1.095,13.733,-43.701,14.709
-0.889,0.122,1.100,14.832,-31.860,30.579
-0.741,0.120,1.105,7.935,-29.175,40.405
-0.641,0.109,1.106,-2.319,-33.142,42.969
-0.556,0.098,1.119,-13.062,-39.185,38.940
-0.501,0.108,1.139,-20.569,-44.983,29.785
-0.478,0.129,1.140,-22.156,-47.424,18.860
-0.473,0.121,1.113,-17.273,-45.532,8.667
-0.467,0.117,1.104,-10.803,-38.696,-0.122
-0.463,0.132,1.104,-3.723,-28.748,-6.409
-0.466,0.141,1.083,5.249,-18.494,-10.437
-0.464,0.123,1.036,13.184,-10.132,-11.414
-0.447,0.110,0.998,15.747,-3.357,-10.437
-0.421,0.110,0.980,12.878,1.160,-7.996
-0.398,0.124,0.972,7.019,2.808,-4.639
-0.356,0.122,0.971,0.061,2.075,-0.488
-0.319,0.124,0.985,-7.690,-0.122,4.395
-0.307,0.125,1.015,-16.052,-3.418,8.362
-0.304,0.137,1.048,-23.376,-7.324,11.414
-0.288,0.136,1.083,-28.259,-10.986,13.428
-0.271,0.140,1.120,-31.433,-13.855,14.526
-0.262,0.163,1.151,-32.959,-15.381,15.198
-0.250,0.191,1.182,-31.006,-15.381,15.808
-0.229,0.208,1.194,-25.208,-14.465,16.602
-0.213,0.199,1.174,-16.907,-13.123,17.090
-0.197,0.173,1.127,-8.301,-11.108,16.296
-0.189,0.144,1.094,-2.380,-7.568,13.977
-0.185,0.126,1.063,0.977,-3.174,10.132
-0.182,0.100,1.032,2.930,0.916,5.005
-0.187,0.085,1.014,2.502,4.028,-0.671
-0.195,0.077,1.010,1.343,6.836,-5.737
-0.201,0.084,1.009,-0.122,8.179,-10.193
-0.204,0.080,1.011,-1.282,7.996,-12.878
-0.219,0.078,1.008,-2.502,6.897,-13.489
-0.235,0.089,1.016,-4.761,4.761,-12.695
-0.243,0.093,1.025,-6.409,2.502,-10.376
-0.252,0.097,1.023,-6.287,0.366,-7.080
-0.260,0.102,1.023,-6.104,-2.319,-3.967
-0.259,0.094,1.008,-5.859,-4.272,-0.854
-0.261,0.095,0.995,-5.859,-5.188,1.770
-0.261,0.087,0.994,-6.592,-5.371,3.479
-0.263,0.090,1.000,-7.324,-4.578,4.150
-0.267,0.097,0.997,-6.897,-3.601,3.906
-0.271,0.093,0.994,-5.859,-2.441,3.296
-0.273,0.102,0.991,-5.432,-1.099,2.319
-0.267,0.110,0.993,-5.005,0.305,1.160
-0.262,0.107,1.001,-4.150,0.854,0.366
-0.262,0.113,1.000,-3.357,1.160,-0.244
-0.260,0.128,0.999,-2.197,1.465,-0.244
-0.252,0.137,0.999,0.427,1.770,0.061
-0.246,0.135,1.001,3.296,1.526,0.977
-0.245,0.135,0.994,5.615,1.221,1.892
-0.242,0.127,0.978,7.568,0.244,2.441
-0.242,0.115,0.951,9.216,-0.366,2.441
-0.242,0.105,0.932,9.033,-0.061,2.014
-0.240,0.102,0.927,7.324,1.099,1.038
-0.241,0.101,0.931,5.066,2.380,0.122
-0.243,0.105,0.940,3.113,3.235,-0.854
-0.246,0.118,0.954,1.587,3.418,-2.075
-0.245,0.127,0.963,1.404,2.930,-2.319
-0.242,0.137,0.962,2.197,2.014,-2.136
-0.237,0.131,0.964,2.747,0.916,-1.709
-0.228,0.133,0.954,2.319,-0.427,-0.916
-0.225,0.131,0.953,1.221,-1.770,-0.122
-0.223,0.133,0.961,-0.427,-3.296,0.671
-0.225,0.134,0.969,-1.465,-4.395,1.343
-0.230,0.132,0.966,-0.977,-5.493,1.770
-0.239,0.124,0.963,0.305,-6.287,1.770
-0.244,0.116,0.959,1.404,-6.287,1.587
-0.239,0.121,0.958,1.526,-6.042,1.099
-0.237,0.127,0.958,1.892,-5.676,0.977
-0.238,0.122,0.956,3.235,-4.822,1.343
-0.240,0.127,0.945,3.479,-4.272,1.770
-0.228,0.135,0.942,1.770,-3.723,2.136
-0.217,0.134,0.951,-1.465,-2.808,2.930
-0.217,0.131,0.969,-4.456,-2.136,3.174
-0.227,0.124,0.979,-6.531,-2.136,2.197
-0.237,0.116,0.985,-6.836,-2.197,-0.061
-0.244,0.118,0.989,-6.287,-1.892,-2.808
-0.253,0.122,0.991,-4.883,-1.160,-4.944
-0.261,0.125,0.981,-2.563,-0.305,-6.958
-0.265,0.123,0.974,-0.183,0.549,-8.240
-0.269,0.117,0.972,0.916,1.343,-8.911
-0.270,0.122,0.972,0.977,1.526,-9.033
0.667,0.466,1.705,-31.799,0.488,9.155
0.794,0.479,1.799,-35.645,6.042,13.184
0.910,0.464,1.867,-34.790,12.695,16.418
1.033,0.479,1.896,-29.541,21.057,17.883
1.177,0.528,1.825,-16.357,32.043,18.127
1.318,0.511,1.596,10.010,47.363,18.738
1.441,0.411,1.289,39.246,68.970,17.883

1.558,0.319,0.987,54.932,95.337,12.390
1.678,0.220,0.691,59.204,123.840,1.343
1.827,0.099,0.419,55.481,151.184,-14.587
1.978,-0.040,0.281,39.856,174.072,-35.950
2.009,-0.067,0.286,14.343,186.646,-62.378
1.876,0.022,0.417,-11.841,181.580,-92.346
1.612,0.137,0.616,-29.480,155.701,-122.009
1.308,0.226,0.720,-32.654,109.924,-149.048
0.970,0.258,0.666,-21.790,52.979,-171.448
0.594,0.266,0.486,-10.864,-2.991,-186.401
0.180,0.224,0.282,-8.179,-46.570,-193.787
-0.234,0.203,0.152,-13.733,-73.547,-194.336
-0.585,0.274,0.152,-27.527,-84.473,-187.195
-0.851,0.463,0.317,-39.551,-85.205,-169.739
-1.056,0.724,0.594,-41.687,-83.801,-139.465
-1.168,0.866,0.846,-27.527,-87.830,-97.900
-1.207,0.901,0.906,2.197,-100.281,-53.528
-1.246,0.846,0.863,32.410,-117.249,-17.822
-1.315,0.660,0.751,49.805,-134.338,2.197
-1.417,0.465,0.533,54.749,-146.423,3.235
-1.507,0.245,0.362,45.349,-147.095,-13.123
-1.562,0.037,0.343,21.179,-135.132,-43.457
-1.579,-0.041,0.510,-9.094,-116.699,-81.970
-1.569,-0.001,0.691,-32.898,-100.281,-119.324
-1.532,0.057,0.860,-47.913,-86.792,-146.118
-1.474,0.131,0.992,-54.077,-75.439,-157.227
-1.407,0.205,1.076,-48.218,-64.575,-151.550
-1.357,0.280,1.095,-31.250,-54.016,-131.104
-1.265,0.325,1.079,-14.099,-43.335,-98.938
-1.155,0.333,1.043,-0.854,-33.997,-60.303
-1.050,0.295,1.009,6.409,-27.100,-21.606
-0.927,0.233,0.995,5.920,-23.926,10.437
-0.792,0.181,1.001,0.061,-25.146,32.715
-0.676,0.174,1.039,-10.254,-29.785,44.861
-0.581,0.177,1.091,-21.057,-36.438,48.889
-0.514,0.169,1.115,-27.344,-44.312,46.814
-0.467,0.162,1.116,-30.640,-49.866,40.649
-0.433,0.174,1.122,-31.738,-51.514,32.288
-0.398,0.188,1.118,-29.602,-48.767,22.888
-0.377,0.196,1.083,-22.644,-41.992,13.977
-0.375,0.185,1.040,-13.672,-31.555,6.042
-0.370,0.184,1.028,-6.653,-19.348,-0.793
-0.361,0.183,1.017,-0.916,-7.690,-5.188
-0.356,0.156,0.996,5.859,1.465,-7.874
-0.341,0.139,0.975,9.521,7.507,-9.583
-0.321,0.138,0.995,8.850,10.498,-10.071
-0.293,0.157,1.021,5.676,8.911,-9.399
-0.265,0.174,1.038,1.648,2.747,-6.958
-0.246,0.176,1.044,-2.930,-5.737,-3.845
-0.242,0.186,1.053,-9.277,-14.160,-0.183
-0.241,0.178,1.064,-13.916,-21.606,3.418
-0.237,0.176,1.064,-15.564,-26.733,6.042
-0.227,0.163,1.059,-15.076,-29.236,7.690
-0.223,0.156,1.041,-12.939,-29.114,7.874
-0.222,0.144,1.024,-10.315,-25.940,7.263
-0.220,0.135,1.006,-7.568,-20.630,5.493
-0.227,0.123,0.995,-3.296,-14.099,2.808
-0.234,0.133,0.987,-0.061,-7.263,-0.549
-0.227,0.134,0.997,2.136,-1.221,-3.479
-0.227,0.141,1.005,3.357,2.441,-5.737
-0.231,0.154,1.007,3.418,3.784,-7.690
-0.227,0.147,1.014,3.784,3.235,-9.216
-0.238,0.142,1.017,3.601,1.221,-10.132
-0.252,0.142,1.011,2.197,-1.282,-10.864
-0.258,0.146,1.001,1.343,-4.211,-10.925
-0.261,0.150,0.991,0.916,-5.981,-10.071
-0.264,0.155,0.992,0.671,-6.287,-8.118
-0.269,0.161,0.990,0.854,-5.981,-5.493
-0.270,0.165,0.997,2.502,-4.883,-3.174
-0.266,0.174,1.004,4.395,-3.906,-0.732
-0.256,0.182,1.008,5.798,-3.845,1.587
-0.247,0.172,1.004,8.728,-4.639,3.418
-0.248,0.161,0.994,11.475,-5.493,4.517
-0.249,0.154,0.979,12.817,-6.226,4.211
-0.250,0.143,0.967,13.306,-6.104,3.357
-0.251,0.141,0.960,13.000,-5.493,2.258
-0.253,0.141,0.967,12.146,-5.310,1.099
-0.255,0.144,0.980,10.864,-4.883,0.305
-0.260,0.145,0.995,10.559,-5.127,0.061
-0.268,0.146,1.000,11.169,-5.798,-0.122
-0.268,0.146,0.997,12.756,-6.775,-0.061
-0.272,0.147,0.989,14.465,-7.690,0.610
-0.273,0.147,0.974,16.418,-8.484,1.526
-0.270,0.137,0.960,17.822,-8.484,2.930
-0.270,0.132,0.949,17.212,-8.301,4.333
-0.266,0.125,0.948,14.771,-7.751,5.615
-0.260,0.123,0.952,11.780,-6.653,6.592
-0.258,0.126,0.957,9.155,-5.798,7.141
-0.251,0.130,0.963,7.690,-5.127,7.202
-0.243,0.130,0.966,7.324,-4.089,7.263
-0.236,0.131,0.974,7.019,-3.113,7.080
-0.234,0.134,0.986,6.897,-2.869,6.714
-0.234,0.134,0.983,7.263,-3.113,6.165
-0.232,0.125,0.977,8.240,-3.479,5.493
-0.234,0.120,0.975,8.362,-3.479,4.700
-0.237,0.116,0.985,7.812,-3.357,3.967
-0.240,0.116,0.986,8.057,-3.174,3.296
-0.242,0.103,0.977,9.155,-3.113,2.747
-0.242,0.099,0.970,9.399,-2.747,2.258
-0.242,0.096,0.963,8.789,-2.014,2.258
-0.237,0.095,0.959,8.301,-1.099,2.808
-0.237,0.091,0.959,8.301,-0.122,3.113
-0.242,0.086,0.965,7.385,0.549,3.540
-0.247,0.082,0.975,6.104,0.854,3.418
-0.249,0.088,0.985,4.517,0.793,3.113
-0.252,0.093,1.000,3.174,0.000,2.808
-0.251,0.099,1.007,2.930,-1.221,2.563
-0.254,0.099,1.004,3.784,-2.686,2.808
-0.261,0.091,0.994,5.310,-3.479,2.808
-0.268,0.086,0.984,6.287,-3.052,3.174
-0.268,0.089,0.976,6.531,-1.831,3.418
-0.266,0.091,0.975,7.446,-0.793,3.662
0.485,0.479,1.747,-35.522,-19.409,36.377
0.585,0.483,1.705,-31.738,-11.292,35.950
0.681,0.510,1.657,-27.588,0.854,33.875
0.780,0.535,1.607,-25.513,16.602,30.396
0.896,0.539,1.527,-18.616,34.119,25.879
1.052,0.543,1.393,-7.324,52.612,19.836
1.243,0.588,1.215,7.751,71.838,14.099
1.432,0.588,1.007,27.893,91.370,10.071

1.614,0.550,0.782,51.697,108.643,6.653
1.802,0.539,0.587,66.956,120.178,2.014
1.973,0.575,0.433,68.848,123.230,-3.418
2.041,0.579,0.339,65.308,114.441,-9.888
1.944,0.469,0.295,61.768,91.980,-21.179
1.735,0.323,0.265,54.688,56.152,-41.565
1.472,0.268,0.230,33.875,12.085,-70.679
1.226,0.252,0.206,9.583,-31.921,-102.417
1.008,0.202,0.165,-4.517,-68.604,-130.737
0.765,0.176,0.130,-10.803,-92.468,-152.100
0.526,0.184,0.153,-13.977,-101.440,-164.978
0.288,0.200,0.217,-14.404,-98.877,-169.067
0.005,0.221,0.246,-7.629,-89.111,-165.955
-0.313,0.129,0.238,5.127,-74.829,-158.875
-0.620,0.065,0.290,9.644,-58.044,-152.954
-0.893,0.120,0.458,1.282,-43.823,-149.597
-1.123,0.214,0.615,-3.784,-36.926,-146.790
-1.309,0.234,0.662,5.737,-37.354,-142.334
-1.469,0.223,0.689,17.456,-40.833,-136.414
-1.594,0.201,0.783,20.752,-46.753,-130.249
-1.639,0.196,0.892,16.602,-57.434,-124.390
-1.644,0.161,0.904,9.888,-73.669,-118.042
-1.664,0.115,0.841,3.845,-88.257,-111.145
-1.684,0.075,0.813,-6.104,-95.093,-104.370
-1.666,0.062,0.876,-17.883,-93.689,-98.145
-1.612,0.081,0.978,-23.682,-87.769,-91.858
-1.544,0.106,1.043,-18.250,-80.078,-83.191
-1.487,0.122,1.057,-5.188,-72.083,-72.388
-1.406,0.101,1.016,8.850,-63.599,-59.326
-1.311,0.077,0.953,19.104,-54.138,-45.227
-1.221,0.077,0.899,21.729,-44.189,-31.555
-1.099,0.085,0.887,17.700,-34.790,-18.250
-0.970,0.072,0.891,9.216,-27.954,-5.981
-0.843,0.153,1.032,-0.916,-25.085,4.333
-0.735,0.126,1.002,-5.798,-28.076,13.977
-0.669,0.129,0.984,-11.841,-31.860,20.020
-0.597,0.135,0.976,-19.958,-32.837,21.790
-0.536,0.149,1.005,-24.902,-31.311,20.142
-0.500,0.167,1.026,-25.574,-28.992,16.174
-0.468,0.168,1.031,-22.217,-26.733,11.597
-0.439,0.147,1.018,-15.686,-23.132,6.653
-0.430,0.144,0.995,-8.118,-18.921,1.160
-0.415,0.119,0.965,-2.258,-14.465,-3.601
-0.399,0.093,0.943,0.549,-9.949,-7.141
-0.383,0.106,0.948,-0.488,-6.470,-10.254
-0.361,0.124,0.979,-3.296,-5.310,-12.512
-0.349,0.130,1.006,-4.944,-6.958,-12.695
-0.353,0.141,1.021,-6.836,-11.108,-11.169
-0.363,0.144,1.019,-8.484,-15.991,-8.484
-0.367,0.134,1.017,-9.033,-20.386,-5.310
-0.369,0.125,1.019,-10.315,-23.315,-2.075
-0.370,0.116,1.026,-10.803,-24.963,1.282
-0.370,0.107,1.026,-9.521,-25.330,3.479
-0.369,0.094,1.017,-5.981,-24.536,4.456
-0.367,0.076,1.002,-1.282,-22.461,4.395
-0.364,0.069,0.989,1.892,-19.714,3.113
-0.356,0.070,0.972,3.052,-16.541,1.587
-0.343,0.063,0.955,3.113,-13.000,0.366
-0.329,0.074,0.942,1.465,-9.583,-0.366
-0.315,0.080,0.954,-2.197,-6.409,-0.183
-0.304,0.097,0.985,-5.920,-3.967,-0.122
-0.293,0.094,1.009,-7.324,-3.357,-0.122
-0.287,0.084,1.013,-6.104,-4.883,-0.916
-0.283,0.081,1.009,-4.333,-6.897,-2.319
-0.286,0.078,1.000,-2.747,-8.911,-3.845
-0.294,0.080,0.977,-1.282,-9.949,-5.127
-0.305,0.075,0.964,-0.732,-10.132,-6.653
-0.310,0.076,0.966,-1.953,-9.644,-7.996
-0.307,0.078,0.970,-2.808,-9.644,-9.277
-0.302,0.077,0.979,-2.380,-9.705,-10.559
-0.307,0.072,0.989,-2.014,-10.010,-11.658
-0.318,0.077,0.991,-2.380,-11.169,-12.756
-0.329,0.083,0.999,-2.014,-12.695,-14.160
-0.340,0.078,0.993,0.061,-14.160,-15.381
-0.355,0.067,0.979,2.319,-15.625,-16.235
-0.367,0.065,0.960,2.869,-16.113,-16.785
-0.376,0.071,0.949,1.709,-15.686,-16.968
-0.383,0.080,0.939,0.549,-14.587,-16.235
-0.388,0.088,0.938,-0.183,-13.123,-14.771
-0.389,0.096,0.945,-0.671,-11.658,-12.573
-0.390,0.100,0.948,0.183,-11.047,-10.071
-0.387,0.103,0.944,2.502,-10.864,-7.202
-0.389,0.101,0.936,4.456,-11.108,-4.639
-0.394,0.095,0.926,4.944,-11.719,-2.502
-0.395,0.088,0.913,4.211,-11.841,-0.671
-0.399,0.089,0.909,2.625,-12.024,0.793
-0.400,0.089,0.913,0.977,-12.268,1.831
-0.399,0.091,0.922,0.122,-12.573,2.563
-0.397,0.092,0.928,0.793,-12.878,3.479
-0.394,0.090,0.930,2.136,-13.062,4.333
-0.393,0.097,0.931,2.930,-12.878,5.554
-0.392,0.103,0.934,2.686,-12.695,6.775
-0.385,0.107,0.936,1.831,-12.817,7.935
-0.377,0.103,0.933,0.916,-12.878,9.155
-0.371,0.100,0.927,-0.122,-12.817,10.010
-0.364,0.088,0.923,-1.404,-12.451,10.254
-0.361,0.089,0.915,-2.930,-11.108,10.010
-0.357,0.090,0.909,-3.662,-9.888,8.911
-0.355,0.083,0.912,-3.845,-8.179,7.751
-0.354,0.075,0.915,-5.249,-6.409,6.348
-0.356,0.079,0.936,-7.874,-4.517,4.883
-0.359,0.091,0.962,-10.864,-2.808,3.540
-0.356,0.102,0.979,-12.878,-2.136,2.686
-0.356,0.116,0.992,-12.939,-2.747,2.441
-0.350,0.114,0.994,-11.597,-3.235,2.930
-0.348,0.119,0.987,-10.132,-3.845,3.418
-0.350,0.111,0.979,-9.521,-3.845,3.906
-0.357,0.115,0.973,-9.766,-3.235,4.272
-0.359,0.112,0.975,-9.216,-1.831,4.578
-0.359,0.112,0.978,-8.545,-0.488,4.822
-0.358,0.112,0.988,-7.812,0.977,5.066
0.749,0.564,1.417,5.005,59.509,54.382
0.871,0.578,1.334,23.193,67.017,54.932
0.957,0.511,1.162,45.654,67.932,53.955
1.040,0.389,0.922,63.477,65.674,48.828
1.148,0.268,0.681,66.040,64.636,38.635
1.283,0.223,0.519,51.758,66.956,24.597
1.401,0.255,0.474,25.024,71.228,9.766
1.466,0.301,0.543,-3.662,73.181,-3.357

1.482,0.329,0.630,-25.391,67.688,-15.747
1.467,0.332,0.657,-37.537,54.382,-29.175
1.447,0.314,0.649,-42.053,37.659,-43.152
1.417,0.310,0.636,-44.983,21.179,-57.617
1.335,0.318,0.629,-44.922,6.470,-71.594
1.187,0.307,0.613,-39.734,-5.493,-85.022
1.004,0.298,0.558,-29.114,-14.893,-98.694
0.795,0.260,0.486,-14.221,-20.813,-112.366
0.576,0.243,0.413,-0.183,-23.254,-125.000
0.384,0.274,0.379,8.057,-23.437,-135.010
0.220,0.293,0.395,11.292,-23.865,-140.381
0.042,0.295,0.478,11.963,-27.710,-141.052
-0.160,0.318,0.564,9.766,-38.391,-138.794
-0.364,0.352,0.589,8.606,-55.481,-134.949
-0.548,0.404,0.538,10.071,-75.134,-129.089
-0.723,0.445,0.529,9.094,-91.431,-120.300
-0.879,0.503,0.537,4.456,-103.333,-108.826
-1.011,0.555,0.516,9.399,-112.061,-97.168
-1.114,0.518,0.537,19.226,-117.859,-87.158
-1.205,0.411,0.580,20.508,-122.498,-81.909
-1.311,0.296,0.560,19.897,-127.075,-83.740
-1.392,0.202,0.495,17.517,-129.028,-92.407
-1.429,0.153,0.463,4.578,-124.695,-103.821
-1.434,0.185,0.509,-14.465,-113.708,-113.708
-1.407,0.247,0.671,-32.349,-99.854,-118.347
-1.364,0.296,0.859,-44.006,-87.646,-115.723
-1.320,0.369,1.012,-42.358,-79.773,-106.079
-1.272,0.337,1.005,-28.198,-74.829,-90.698
-1.241,0.324,0.962,-10.315,-68.115,-73.059
-1.190,0.291,0.899,3.723,-58.350,-55.786
-1.114,0.258,0.885,11.169,-48.096,-39.978
-1.021,0.244,0.896,10.742,-39.124,-25.818
-0.930,0.261,0.920,3.845,-34.058,-13.306
-0.851,0.280,0.939,-3.174,-32.166,-2.319
-0.786,0.286,0.965,-9.583,-31.799,6.958
-0.724,0.296,1.020,-17.090,-32.715,13.733
-0.667,0.308,1.071,-20.935,-34.790,16.968
-0.620,0.296,1.098,-20.020,-36.865,17.700
-0.591,0.271,1.098,-15.747,-38.269,15.625
-0.583,0.253,1.063,-9.521,-37.170,10.681
-0.563,0.252,1.023,-2.502,-32.959,3.784
-0.536,0.251,0.999,4.944,-25.757,-2.869
-0.522,0.251,0.969,11.597,-16.968,-7.507
-0.516,0.249,0.958,15.503,-8.606,-10.193
-0.508,0.266,0.943,16.785,-2.014,-10.681
-0.480,0.263,0.953,18.311,1.770,-8.789
-0.447,0.250,0.952,18.005,2.380,-5.310
-0.427,0.243,0.944,13.794,0.183,-1.526
-0.416,0.232,0.946,7.568,-3.662,2.686
-0.403,0.233,0.965,-0.549,-8.484,6.348
-0.376,0.246,0.995,-8.179,-13.367,9.644
-0.344,0.257,1.017,-10.986,-18.188,12.756
-0.324,0.250,1.008,-7.751,-22.095,15.503
-0.313,0.228,0.984,-3.479,-25.024,17.334
-0.297,0.208,0.972,-2.686,-25.635,17.700
-0.281,0.215,0.962,-4.089,-24.536,16.907
-0.270,0.208,0.953,-4.639,-22.034,15.320
-0.273,0.193,0.951,-4.761,-18.738,12.939
-0.286,0.185,0.960,-5.737,-14.709,9.521
-0.302,0.189,0.972,-6.592,-12.085,4.761
-0.309,0.196,0.985,-6.348,-9.766,0.183
-0.318,0.203,0.989,-5.066,-8.850,-3.235
-0.329,0.206,0.988,-3.784,-8.240,-5.005
-0.338,0.208,0.995,-3.296,-8.118,-6.104
-0.344,0.217,0.997,-3.174,-8.667,-6.104
-0.356,0.215,0.987,-2.563,-9.644,-5.371
-0.374,0.212,0.978,-2.258,-10.010,-4.211
-0.381,0.211,0.977,-2.625,-9.949,-3.235
-0.376,0.216,0.978,-1.892,-9.460,-2.075
-0.375,0.215,0.971,-0.366,-8.728,-0.916
-0.378,0.221,0.961,0.122,-7.996,0.366
-0.377,0.219,0.952,0.366,-7.446,1.160
-0.370,0.210,0.942,-0.854,-6.714,1.709
-0.367,0.222,0.937,-3.296,-6.165,1.648
-0.367,0.220,0.946,-4.517,-5.737,1.343
-0.366,0.212,0.951,-4.944,-5.737,0.793
-0.368,0.216,0.954,-5.371,-5.981,-0.061
-0.368,0.215,0.954,-5.005,-6.531,-0.977
-0.371,0.205,0.953,-3.967,-7.141,-1.648
-0.381,0.210,0.947,-3.906,-7.812,-2.319
-0.389,0.208,0.950,-4.395,-8.362,-2.625
-0.396,0.209,0.935,-4.333,-8.423,-2.686
-0.398,0.204,0.942,-4.761,-8.667,-2.930
-0.398,0.205,0.944,-5.920,-8.728,-3.174
-0.397,0.221,0.947,-5.554,-8.728,-2.991
-0.403,0.237,0.940,-3.174,-8.484,-2.136
-0.403,0.239,0.945,-0.305,-7.935,-0.732
-0.398,0.238,0.941,1.892,-7.019,1.038
-0.400,0.247,0.950,3.113,-6.287,2.991
-0.399,0.241,0.954,3.906,-5.493,5.432
-0.396,0.246,0.963,4.150,-4.822,7.568
-0.388,0.245,0.971,4.578,-3.845,9.827
-0.380,0.231,0.975,5.493,-3.174,12.146
-0.374,0.220,0.963,7.385,-2.380,13.794
-0.369,0.213,0.954,8.667,-1.648,14.771
-0.358,0.207,0.951,9.705,-0.977,15.137
-0.349,0.200,0.950,10.620,-0.671,15.198
-0.337,0.196,0.945,11.108,-1.282,14.648
-0.327,0.192,0.943,11.414,-2.258,13.855
-0.320,0.185,0.938,11.292,-3.784,13.184
-0.322,0.178,0.936,10.193,-5.615,12.268
-0.327,0.173,0.932,7.935,-7.080,11.047
-0.328,0.168,0.935,5.920,-8.240,9.644
-0.325,0.162,0.941,4.883,-9.033,8.240
-0.329,0.163,0.937,5.005,-9.521,6.714
-0.339,0.172,0.931,5.676,-9.644,5.676
-0.351,0.168,0.932,7.751,-8.789,5.005
-0.356,0.163,0.929,9.888,-7.324,4.761
-0.358,0.163,0.926,11.047,-5.310,4.822
-0.359,0.165,0.932,11.292,-3.540,4.944
-0.364,0.168,0.935,10.925,-1.953,5.493
0.966,0.574,1.318,-31.250,77.148,17.517
1.050,0.615,1.345,-20.203,76.721,20.996
1.097,0.587,1.289,5.005,69.946,23.621
1.105,0.502,1.160,35.889,59.021,22.583
1.080,0.410,0.995,60.547,46.509,16.602
1.031,0.301,0.826,74.280,35.461,5.249
0.980,0.175,0.666,81.848,26.733,-10.681
0.899,0.063,0.523,83.679,20.935,-32.043
0.783,-0.021,0.436,76.416,18.433,-57.068

0.654,-0.068,0.426,62.195,17.273,-84.229
0.529,-0.058,0.469,46.570,14.954,-110.901
0.403,-0.029,0.527,36.438,9.949,-134.033
0.259,-0.014,0.575,35.034,1.892,-152.100
0.124,0.010,0.588,40.161,-8.728,-165.161
-0.010,-0.002,0.574,47.424,-20.020,-172.607
-0.157,-0.014,0.550,52.246,-31.067,-175.110
-0.304,-0.014,0.531,50.232,-40.466,-173.706
-0.418,0.050,0.550,39.124,-48.035,-167.297
-0.498,0.175,0.600,18.372,-54.260,-153.992
-0.574,0.270,0.660,-0.854,-59.326,-132.874
-0.671,0.273,0.696,-3.296,-62.744,-106.934
-0.783,0.197,0.675,5.493,-64.880,-81.787
-0.896,0.109,0.624,12.695,-64.270,-62.012
-0.991,0.025,0.579,11.963,-59.998,-49.561
-1.042,0.002,0.602,4.639,-54.138,-44.373
-1.042,0.017,0.697,-5.371,-49.011,-43.274
-1.024,0.036,0.797,-9.216,-47.852,-43.457
-1.018,0.039,0.854,-3.906,-51.941,-44.495
-1.046,0.042,0.857,2.014,-58.960,-45.837
-1.058,0.041,0.822,3.296,-66.040,-47.302
-1.042,0.054,0.795,0.183,-70.618,-48.401
-1.035,0.059,0.778,-5.737,-70.496,-49.072
-1.055,0.042,0.755,-8.057,-66.650,-49.316
-1.062,0.034,0.791,-6.836,-59.570,-49.438
-1.047,0.013,0.741,-6.409,-50.781,-50.171
-1.015,0.048,0.762,-10.986,-39.673,-51.208
-0.971,0.109,0.805,-15.686,-28.381,-51.636
-0.925,0.149,0.866,-15.869,-19.409,-49.622
-0.885,0.175,0.904,-14.893,-13.855,-44.861
-0.853,0.182,0.932,-14.404,-11.475,-38.574
-0.819,0.190,0.961,-13.794,-11.414,-32.104
-0.779,0.194,0.989,-13.000,-13.062,-25.696
-0.736,0.173,1.003,-11.963,-16.724,-20.081
-0.717,0.165,1.006,-11.230,-20.935,-16.052
-0.699,0.163,1.008,-10.742,-24.414,-13.123
-0.672,0.170,1.013,-10.620,-26.794,-10.742
-0.647,0.170,1.016,-9.827,-27.466,-7.935
-0.624,0.173,1.013,-7.812,-26.978,-4.883
-0.602,0.175,1.004,-5.432,-25.330,-1.892
-0.574,0.173,1.001,-3.723,-22.278,1.709
-0.547,0.170,1.005,-2.625,-18.738,5.127
-0.527,0.162,1.016,-1.709,-15.808,7.751
-0.503,0.153,1.009,-0.732,-13.733,9.338
-0.483,0.142,0.997,1.099,-12.512,9.705
-0.465,0.131,0.978,2.258,-11.475,9.216
-0.444,0.121,0.967,2.197,-9.888,7.812
-0.432,0.117,0.962,1.038,-8.362,6.165
-0.426,0.116,0.961,0.549,-6.836,4.333
-0.417,0.110,0.958,1.343,-5.249,2.686
-0.409,0.102,0.953,2.319,-4.272,1.038
-0.403,0.103,0.947,2.441,-3.601,-0.488
-0.396,0.103,0.943,2.380,-3.418,-1.648
-0.391,0.093,0.943,2.136,-3.906,-2.319
-0.389,0.089,0.934,1.709,-4.639,-2.686
-0.380,0.070,0.920,0.488,-5.432,-2.808
-0.380,0.070,0.912,-2.441,-6.592,-3.113
-0.372,0.068,0.920,-6.897,-7.385,-3.418
-0.367,0.069,0.929,-10.498,-8.362,-3.540
-0.364,0.076,0.937,-13.245,-9.399,-3.601
-0.368,0.088,0.948,-16.052,-10.437,-3.662
-0.373,0.103,0.957,-18.372,-11.475,-3.357
-0.371,0.104,0.968,-19.531,-13.000,-3.357
-0.363,0.112,0.977,-19.714,-14.282,-3.174
-0.360,0.121,0.978,-19.470,-15.442,-3.052
-0.366,0.131,0.977,-19.409,-15.930,-2.747
-0.373,0.143,0.967,-18.860,-14.893,-2.197
-0.358,0.113,0.972,-17.334,-13.000,-1.709
-0.350,0.117,0.976,-14.465,-10.681,-2.380
-0.352,0.115,0.969,-10.376,-8.484,-3.845
-0.355,0.108,0.958,-5.920,-6.226,-5.859
-0.350,0.104,0.945,-2.869,-4.211,-8.423
-0.345,0.108,0.920,-0.916,-2.747,-10.559
-0.342,0.103,0.899,-0.183,-0.977,-11.841
-0.341,0.096,0.903,-2.563,0.305,-12.634
-0.348,0.106,0.920,-7.935,0.916,-12.817
-0.352,0.129,0.941,-11.414,0.549,-12.756
-0.359,0.146,0.961,-11.963,-1.404,-12.024
-0.362,0.156,0.979,-11.230,-4.395,-10.803
-0.364,0.161,0.984,-7.874,-7.812,-9.155
-0.368,0.153,0.974,-2.686,-11.169,-7.080
-0.378,0.135,0.950,1.282,-13.184,-5.066
-0.385,0.127,0.932,2.075,-13.672,-3.845
-0.388,0.122,0.927,0.305,-12.756,-2.686
-0.386,0.124,0.931,-1.831,-11.169,-1.465
-0.383,0.123,0.943,-3.052,-9.399,-0.610
-0.379,0.122,0.949,-3.662,-7.996,-0.061
-0.375,0.125,0.951,-3.662,-6.592,0.305
-0.372,0.121,0.951,-3.418,-5.371,0.305
-0.374,0.124,0.947,-3.052,-4.272,-0.122
-0.376,0.120,0.942,-1.831,-2.930,-0.244
-0.379,0.113,0.943,-0.977,-1.953,-0.732
-0.377,0.112,0.949,-1.709,-1.038,-1.221
-0.375,0.121,0.969,-3.296,-0.732,-1.526
-0.369,0.129,0.981,-4.028,-0.916,-1.160
-0.369,0.129,0.986,-2.808,-1.709,-0.122
-0.367,0.127,0.979,-1.343,-2.747,0.916
-0.367,0.130,0.966,-1.099,-4.150,1.831
-0.367,0.133,0.953,-1.892,-5.005,2.747
-0.365,0.131,0.954,-2.930,-5.249,3.662
-0.364,0.126,0.955,-2.808,-5.188,4.456
-0.365,0.128,0.952,-2.502,-5.188,4.883
-0.364,0.126,0.947,-1.770,-4.578,5.066
-0.364,0.123,0.943,-1.038,-4.578,4.761
-0.359,0.119,0.937,-0.610,-3.906,4.395
-0.360,0.115,0.929,-0.427,-3.357,3.845
-0.398,0.089,0.930,0.549,-3.235,2.747
-0.376,0.113,0.903,0.488,-3.479,0.061
-0.347,0.086,0.912,-1.953,-3.479,-2.075
-0.338,0.115,0.901,-6.470,-3.845,-3.601

